code,name,short,source
1101,臺灣水泥股份有限公司,台泥,twse
1102,亞洲水泥股份有限公司,亞泥,twse
1103,嘉新水泥股份有限公司,嘉泥,twse
1104,環球水泥股份有限公司,環泥,twse
1108,幸福水泥股份有限公司,幸福,twse
1109,信大水泥股份有限公司,信大,twse
1110,東南水泥股份有限公司,東泥,twse
1201,味全食品工業股份有限公司,味全,twse
1203,味王股份有限公司,味王,twse
1210,大成長城企業股份有限公司,大成,twse
1213,大西洋飲料股份有限公司,大飲,twse
1215,台灣卜蜂企業股份有限公司,卜蜂,twse
1216,統一企業股份有限公司,統一,twse
1217,愛之味股份有限公司,愛之味,twse
1218,泰山企業股份有限公司,泰山,twse
1219,福壽實業股份有限公司,福壽,twse
1220,台榮產業股份有限公司,台榮,twse
1225,福懋油脂股份有限公司,福懋油,twse
1227,佳格食品股份有限公司,佳格,twse
1229,聯華實業控股股份有限公司,聯華,twse
1231,聯華食品工業股份有限公司,聯華食,twse
1232,大統益股份有限公司,大統益,twse
1233,天仁茶業股份有限公司,天仁,twse
1234,黑松股份有限公司,黑松,twse
1235,興泰實業股份有限公司,興泰,twse
1236,宏亞食品股份有限公司,宏亞,twse
1256,鮮活控股股份有限公司,鮮活果汁-KY,twse
1301,台灣塑膠工業股份有限公司,台塑,twse
1303,南亞塑膠工業股份有限公司,南亞,twse
1304,台灣聚合化學品股份有限公司,台聚,twse
1305,華夏海灣塑膠股份有限公司,華夏,twse
1307,三芳化學工業股份有限公司,三芳,twse
1308,亞洲聚合股份有限公司,亞聚,twse
1309,台達化學工業股份有限公司,台達化,twse
1310,台灣苯乙烯工業股份有限公司,台苯,twse
1312,國喬石油化學股份有限公司,國喬,twse
1313,聯成化學科技股份有限公司,聯成,twse
1314,中國石油化學工業開發(股)公司,中石化,twse
1315,達新工業股份有限公司,達新,twse
1316,上曜建設開發股份有限公司,上曜,twse
1319,東陽實業廠股份有限公司,東陽,twse
1321,大洋塑膠工業股份有限公司,大洋,twse
1323,永裕塑膠工業股份有限公司,永裕,twse
1324,地球綜合工業股份有限公司,地球,twse
1325,恒大股份有限公司,恆大,twse
1326,台灣化學纖維股份有限公司,台化,twse
1337,亞洲塑膠再生資源控股有限公司,再生-KY,twse
1338,廣華控股有限公司,廣華-KY,twse
1339,昭輝實業股份有限公司,昭輝,twse
1340,勝悅新材料有限公司,勝悅-KY,twse
1341,富林塑膠工業(開曼)控股(股)公司,富林-KY,twse
1342,八貫企業股份有限公司,八貫,twse
1402,遠東新世紀股份有限公司,遠東新,twse
1409,新光合成纖維股份有限公司,新纖,twse
1410,南洋染整股份有限公司,南染,twse
1413,宏洲纖維工業股份有限公司,宏洲,twse
1414,東和紡織股份有限公司,東和,twse
1416,廣豐實業股份有限公司,廣豐,twse
1417,嘉裕股份有限公司,嘉裕,twse
1418,東華龍股份有限公司,東華,twse
1419,新光紡織股份有限公司,新紡,twse
1423,利華羊毛工業股份有限公司,利華,twse
1432,大魯閣實業股份有限公司,大魯閣,twse
1434,福懋興業股份有限公司,福懋,twse
1435,中福國際(股)公司,中福,twse
1436,華友聯開發股份有限公司,華友聯,twse
1437,勤益投資控股股份有限公司,勤益控,twse
1438,三地開發地產股份有限公司,三地開發,twse
1439,雋揚國際股份有限公司,雋揚,twse
1440,臺南紡織股份有限公司,南紡,twse
1441,大東紡織股份有限公司,大東,twse
1442,名軒開發股份有限公司,名軒,twse
1443,立益物流開發股份有限公司,立益物流,twse
1444,力麗企業股份有限公司,力麗,twse
1445,大宇紡織股份有限公司,大宇,twse
1446,宏和精密紡織股份有限公司,宏和,twse
1447,力鵬企業股份有限公司,力鵬,twse
1449,佳和實業股份有限公司,佳和,twse
1451,年興紡織股份有限公司,年興,twse
1452,宏益纖維工業股份有限公司,宏益,twse
1453,大將開發股份有限公司,大將,twse
1454,台灣富綢纖維股份有限公司,台富,twse
1455,集盛實業股份有限公司,集盛,twse
1456,怡華實業股份有限公司,怡華,twse
1457,宜進實業股份有限公司,宜進,twse
1459,聯發紡織纖維股份有限公司,聯發,twse
1460,宏遠興業股份有限公司,宏遠,twse
1463,強盛新投資控股股份有限公司,強盛新,twse
1464,得力實業股份有限公司,得力,twse
1465,偉全實業股份有限公司,偉全,twse
1466,聚隆纖維股份有限公司,聚隆,twse
1467,南緯實業股份有限公司,南緯,twse
1468,昶和纖維興業股份有限公司,昶和,twse
1470,大統新創股份有限公司,大統新創,twse
1471,首利實業股份有限公司,首利,twse
1472,三洋實業股份有限公司,三洋實業,twse
1473,台南企業股份有限公司,台南,twse
1474,弘裕企業股份有限公司,弘裕,twse
1475,台灣業旺股份有限公司,業旺,twse
1476,儒鴻企業股份有限公司,儒鴻,twse
1477,聚陽實業股份有限公司,聚陽,twse
1503,士林電機廠股份有限公司,士電,twse
1504,東元電機股份有限公司,東元,twse
1506,正道工業股份有限公司,正道,twse
1512,瑞利企業股份有限公司,瑞利,twse
1513,中興電工機械股份有限公司,中興電,twse
1514,亞力電機股份有限公司,亞力,twse
1515,力山工業股份有限公司,力山,twse
1516,川飛能源股份有限公司,川飛,twse
1517,利奇機械工業股份有限公司,利奇,twse
1519,華城電機股份有限公司,華城,twse
1521,大億交通工業製造股份有限公司,大億,twse
1522,堤維西交通工業股份有限公司,堤維西,twse
1524,耿鼎企業股份有限公司,耿鼎,twse
1525,江申工業股份有限公司,江申,twse
1526,日馳企業股份有限公司,日馳,twse
1527,鑽全實業股份有限公司,鑽全,twse
1528,恩德科技股份有限公司,恩德,twse
1529,樂事綠能科技股份有限公司,樂事綠能,twse
1530,亞崴機電股份有限公司,亞崴,twse
1531,高林股份有限公司,高林股,twse
1532,勤美股份有限公司,勤美,twse
1533,車王電子股份有限公司,車王電,twse
1535,中宇環保工程股份有限公司,中宇,twse
1536,和大工業股份有限公司,和大,twse
1537,廣隆光電科技股份有限公司,廣隆,twse
1538,正峰工業股份有限公司,正峰,twse
1539,巨庭機械股份有限公司,巨庭,twse
1540,喬福機械工業股份有限公司,喬福,twse
1541,錩泰工業股份有限公司,錩泰,twse
1558,伸興工業股份有限公司,伸興,twse
1560,中國砂輪企業股份有限公司,中砂,twse
1563,巧新科技工業股份有限公司,巧新,twse
1568,倉佑實業股份有限公司,倉佑,twse
1582,信錦企業股份有限公司,信錦,twse
1583,程泰機械股份有限公司,程泰,twse
1587,吉茂精密股份有限公司,吉茂,twse
1589,永冠能源科技集團有限公司,永冠-KY,twse
1590,亞德客國際集團,亞德客-KY,twse
1597,直得科技股份有限公司,直得,twse
1598,岱宇國際股份有限公司,岱宇,twse
1603,中華電線電纜股份有限公司,華電,twse
1604,聲寶股份有限公司,聲寶,twse
1605,華新麗華股份有限公司,華新,twse
1608,華榮電線電纜股份有限公司,華榮,twse
1609,大亞電線電纜股份有限公司,大亞,twse
1611,中國電器股份有限公司,中電,twse
1612,宏泰電工股份有限公司,宏泰,twse
1614,台灣三洋電機股份有限公司,三洋電,twse
1615,大山電線電纜股份有限公司,大山,twse
1616,億泰電線電纜股份有限公司,億泰,twse
1617,榮星電線工業股份有限公司,榮星,twse
1618,合機電線電纜股份有限公司,合機,twse
1623,大東電業廠股份有限公司,大東電,twse
1626,艾美特(開曼)國際有限公司,艾美特-KY,twse
1702,南僑投資控股股份有限公司,南僑,twse
1707,葡萄王生技股份有限公司,葡萄王,twse
1708,東南實業股份有限公司,東鹼,twse
1709,和益化學工業股份有限公司,和益,twse
1710,東聯化學股份有限公司,東聯,twse
1711,臺灣永光化學工業股份有限公司,永光,twse
1712,興農股份有限公司,興農,twse
1713,國泰化工廠股份有限公司,國化,twse
1714,和桐化學股份有限公司,和桐,twse
1717,長興材料工業股份有限公司,長興,twse
1718,中國人造纖維股份有限公司,中纖,twse
1720,生達化學製藥股份有限公司,生達,twse
1721,國慶科技股份有限公司,國慶科技,twse
1722,台灣肥料股份有限公司,台肥,twse
1723,中鋼碳素化學股份有限公司,中碳,twse
1725,元禎企業股份有限公司,元禎,twse
1726,永記造漆工業股份有限公司,永記,twse
1727,臺灣中華化學工業股份有限公司,中華化,twse
1730,花仙子企業股份有限公司,花仙子,twse
1731,美吾華股份有限公司,美吾華,twse
1732,毛寶股份有限公司,毛寶,twse
1733,五鼎生物技術股份有限公司,五鼎,twse
1734,杏輝藥品工業股份有限公司,杏輝,twse
1735,日勝化工股份有限公司,日勝化,twse
1736,喬山健康科技股份有限公司,喬山,twse
1737,臺鹽實業股份有限公司,臺鹽,twse
1752,南光化學製藥股份有限公司,南光,twse
1760,寶齡富錦生技股份有限公司,寶齡富錦,twse
1762,中化合成生技股份有限公司,中化生,twse
1773,勝一化工股份有限公司,勝一,twse
1776,展宇科技材料股份有限公司,展宇,twse
1783,和康生物科技股份有限公司,和康生,twse
1786,科妍生物科技股份有限公司,科妍,twse
1789,台灣神隆股份有限公司,神隆,twse
1795,美時化學製藥股份有限公司,美時,twse
1802,台灣玻璃工業股份有限公司,台玻,twse
1805,寶徠建設股份有限公司,寶徠,twse
1806,冠軍建材股份有限公司,冠軍,twse
1808,潤隆建設股份有限公司,潤隆,twse
1809,中國製釉股份有限公司,中釉,twse
1810,和成欣業股份有限公司,和成,twse
1817,凱撒衛浴股份有限公司,凱撒衛,twse
1903,士林紙業股份有限公司,士紙,twse
1904,正隆股份有限公司,正隆,twse
1905,中華紙漿股份有限公司,華紙,twse
1906,寶隆國際股份有限公司,寶隆,twse
1907,永豐餘投資控股股份有限公司,永豐餘,twse
1909,榮成紙業股份有限公司,榮成,twse
2002,中國鋼鐵股份有限公司,中鋼,twse
2006,東和鋼鐵企業股份有限公司,東和鋼鐵,twse
2007,燁興企業股份有限公司,燁興,twse
2008,高興昌鋼鐵股份有限公司,高興昌,twse
2009,第一伸銅科技股份有限公司,第一銅,twse
2010,春源鋼鐵工業股份有限公司,春源,twse
2012,春雨工廠股份有限公司,春雨,twse
2013,中國鋼鐵結構股份有限公司,中鋼構,twse
2014,中鴻鋼鐵股份有限公司,中鴻,twse
2015,豐興鋼鐵股份有限公司,豐興,twse
2017,官田鋼鐵股份有限公司,官田鋼,twse
2020,美亞鋼管廠股份有限公司,美亞,twse
2022,聚亨企業股份有限公司,聚亨,twse
2023,燁輝企業股份有限公司,燁輝,twse
2024,志聯工業股份有限公司,志聯,twse
2025,千興不銹鋼(股)公司,千興,twse
2027,大成不銹鋼工業股份有限公司,大成鋼,twse
2028,威致鋼鐵工業股份有限公司,威致,twse
2029,盛餘股份有限公司,盛餘,twse
2030,彰源企業股份有限公司,彰源,twse
2031,新光鋼鐵股份有限公司,新光鋼,twse
2032,新鋼工業股份有限公司,新鋼,twse
2033,佳大世界股份有限公司,佳大,twse
2034,允強實業股份有限公司,允強,twse
2038,海光企業股份有限公司,海光,twse
2049,上銀科技股份有限公司,上銀,twse
2059,川湖科技股份有限公司,川湖,twse
2062,橋椿金屬股份有限公司,橋椿,twse
2069,運錩鋼鐵股份有限公司,運錩,twse
2072,世紀能源設備股份有限公司,世紀風電,twse
2101,南港輪胎股份有限公司,南港,twse
2102,泰豐輪胎股份有限公司,泰豐,twse
2103,台橡股份有限公司,台橡,twse
2104,國際中橡投資控股股份有限公司,國際中橡,twse
2105,正新橡膠工業股份有限公司,正新,twse
2106,建大工業股份有限公司,建大,twse
2107,厚生股份有限公司,厚生,twse
2108,南帝化學工業股份有限公司,南帝,twse
2109,華豐橡膠工業股份有限公司,華豐,twse
2114,鑫永銓股份有限公司,鑫永銓,twse
2115,六暉控股股份有限公司,六暉-KY,twse
2201,裕隆汽車製造股份有限公司,裕隆,twse
2204,中華汽車工業股份有限公司,中華,twse
2206,三陽工業股份有限公司,三陽工業,twse
2207,和泰汽車股份有限公司,和泰車,twse
2208,台灣國際造船股份有限公司,台船,twse
2211,長榮鋼鐵股份有限公司,長榮鋼,twse
2227,裕隆日產汽車股份有限公司,裕日車,twse
2228,劍麟股份有限公司,劍麟,twse
2231,為升電裝工業股份有限公司,為升,twse
2233,宇隆科技股份有限公司,宇隆,twse
2236,百達精密工業股份有限公司,百達-KY,twse
2237,華德動能科技股份有限公司,華德動能-創,twse
2239,開曼英利工業股份有限公司,英利-KY,twse
2241,艾姆勒科技股份有限公司,艾姆勒,twse
2243,宏旭控股股份有限公司,宏旭-KY,twse
2247,汎德永業汽車股份有限公司,汎德永業,twse
2248,華勝汽車電子股份有限公司,華勝-KY,twse
2250,第一化成控股(開曼)股份有限公司,IKKA-KY,twse
2254,巨鎧精密工業股份有限公司,巨鎧精密-創,twse
2258,鴻華先進科技股份有限公司,鴻華先進-創,twse
2301,光寶科技股份有限公司,光寶科,twse
2302,麗正國際科技股份有限公司,麗正,twse
2303,聯華電子股份有限公司,聯電,twse
2305,全友電腦股份有限公司,全友,twse
2308,台達電子工業股份有限公司,台達電,twse
2312,金寶電子工業股份有限公司,金寶,twse
2313,華通電腦股份有限公司,華通,twse
2314,台揚科技股份有限公司,台揚,twse
2316,楠梓電子股份有限公司,楠梓電,twse
2317,鴻海精密工業股份有限公司,鴻海,twse
2321,東訊股份有限公司,東訊,twse
2323,中環股份有限公司,中環,twse
2324,仁寶電腦工業股份有限公司,仁寶,twse
2327,國巨股份有限公司,國巨*,twse
2328,廣宇科技股份有限公司,廣宇,twse
2329,華泰電子股份有限公司,華泰,twse
2330,台灣積體電路製造股份有限公司,台積電,twse
2331,精英電腦股份有限公司,精英,twse
2332,友訊科技股份有限公司,友訊,twse
2337,旺宏電子股份有限公司,旺宏,twse
2338,台灣光罩股份有限公司,光罩,twse
2340,台亞半導體股份有限公司,台亞,twse
2342,台灣茂矽電子股份有限公司,茂矽,twse
2344,華邦電子股份有限公司,華邦電,twse
2345,智邦科技股份有限公司,智邦,twse
2347,聯強國際股份有限公司,聯強,twse
2348,海悅國際開發股份有限公司,海悅,twse
2349,錸德科技股份有限公司,錸德,twse
2351,順德工業股份有限公司,順德,twse
2352,佳世達科技股份有限公司,佳世達,twse
2353,宏碁股份有限公司,宏碁,twse
2354,鴻準精密工業股份有限公司,鴻準,twse
2355,敬鵬工業股份有限公司,敬鵬,twse
2356,英業達股份有限公司,英業達,twse
2357,華碩電腦股份有限公司,華碩,twse
2359,所羅門股份有限公司,所羅門,twse
2360,致茂電子股份有限公司,致茂,twse
2362,藍天電腦股份有限公司,藍天,twse
2363,矽統科技股份有限公司,矽統,twse
2364,倫飛電腦實業股份有限公司,倫飛,twse
2365,昆盈企業股份有限公司,昆盈,twse
2367,燿華電子股份有限公司,燿華,twse
2368,金像電子(股)公司,金像電,twse
2369,菱生精密工業股份有限公司,菱生,twse
2371,大同股份有限公司,大同,twse
2373,震旦行股份有限公司,震旦行,twse
2374,佳能企業股份有限公司,佳能,twse
2375,凱美電機股份有限公司,凱美,twse
2376,技嘉科技股份有限公司,技嘉,twse
2377,微星科技股份有限公司,微星,twse
2379,瑞昱半導體股份有限公司,瑞昱,twse
2380,虹光精密工業股份有限公司,虹光,twse
2382,廣達電腦股份有限公司,廣達,twse
2383,台光電子材料股份有限公司,台光電,twse
2385,群光電子股份有限公司,群光,twse
2387,精元電腦股份有限公司,精元,twse
2388,威盛電子股份有限公司,威盛,twse
2390,云辰電子開發股份有限公司,云辰,twse
2392,正崴精密工業股份有限公司,正崴,twse
2393,億光電子工業股份有限公司,億光,twse
2395,研華股份有限公司,研華,twse
2397,友通資訊股份有限公司,友通,twse
2399,映泰股份有限公司,映泰,twse
2401,凌陽科技股份有限公司,凌陽,twse
2402,毅嘉科技股份有限公司,毅嘉,twse
2404,漢唐集成股份有限公司,漢唐,twse
2405,輔信科技股份有限公司,輔信,twse
2406,國碩科技工業股份有限公司,國碩,twse
2408,南亞科技股份有限公司,南亞科,twse
2409,友達光電股份有限公司,友達,twse
2412,中華電信股份有限公司,中華電,twse
2413,環隆科技股份有限公司,環科,twse
2414,精技電腦股份有限公司,精技,twse
2415,錩新科技股份有限公司,錩新,twse
2417,圓剛科技股份有限公司,圓剛,twse
2419,仲琦科技股份有限公司,仲琦,twse
2420,新巨企業股份有限公司,新巨,twse
2421,建準電機工業股份有限公司,建準,twse
2423,固緯電子實業股份有限公司,固緯,twse
2424,隴華電子股份有限公司,隴華,twse
2425,承啟科技股份有限公司,承啟,twse
2426,鼎元光電科技股份有限公司,鼎元,twse
2427,三商電腦股份有限公司,三商電,twse
2428,興勤電子工業股份有限公司,興勤,twse
2429,銘旺科技股份有限公司,銘旺科,twse
2430,燦坤實業股份有限公司,燦坤,twse
2431,聯昌電子企業股份有限公司,聯昌,twse
2432,倚天酷碁股份有限公司,倚天酷碁-創,twse
2433,互盛股份有限公司,互盛電,twse
2434,統懋半導體股份有限公司,統懋,twse
2436,偉詮電子股份有限公司,偉詮電,twse
2438,翔耀實業股份有限公司,翔耀,twse
2439,美律實業股份有限公司,美律,twse
2440,太空梭高傳真資訊科技(股)公司,太空梭,twse
2441,超豐電子股份有限公司,超豐,twse
2442,新美齊股份有限公司,新美齊,twse
2444,兆勁科技股份有限公司,兆勁,twse
2449,京元電子股份有限公司,京元電子,twse
2450,神腦國際企業股份有限公司,神腦,twse
2451,創見資訊股份有限公司,創見,twse
2453,凌群電腦股份有限公司,凌群,twse
2454,聯發科技股份有限公司,聯發科,twse
2455,全新光電科技股份有限公司,全新,twse
2457,飛宏科技股份有限公司,飛宏,twse
2458,義隆電子股份有限公司,義隆,twse
2459,敦吉科技股份有限公司,敦吉,twse
2460,建通精密工業股份有限公司,建通,twse
2461,光群雷射科技股份有限公司,光群雷,twse
2462,台灣良得電子股份有限公司,良得電,twse
2464,盟立自動化股份有限公司,盟立,twse
2465,麗臺科技股份有限公司,麗臺,twse
2466,冠西電子企業股份有限公司,冠西電,twse
2467,志聖工業股份有限公司,志聖,twse
2468,華經資訊企業股份有限公司,華經,twse
2471,資通電腦股份有限公司,資通,twse
2472,立隆電子工業股份有限公司,立隆電,twse
2474,可成科技股份有限公司,可成,twse
2476,鉅祥企業股份有限公司,鉅祥,twse
2477,美隆工業股份有限公司,美隆電,twse
2478,大毅科技股份有限公司,大毅,twse
2480,敦陽科技股份有限公司,敦陽科,twse
2481,強茂股份有限公司,強茂,twse
2482,連宇股份有限公司,連宇,twse
2483,百容電子股份有限公司,百容,twse
2484,希華晶體科技股份有限公司,希華,twse
2485,兆赫電子股份有限公司,兆赫,twse
2486,一詮精密工業股份有限公司,一詮,twse
2488,漢平電子工業股份有限公司,漢平,twse
2489,瑞軒科技股份有限公司,瑞軒,twse
2491,吉祥全球實業股份有限公司,吉祥全,twse
2492,華新科技股份有限公司,華新科,twse
2493,揚博科技股份有限公司,揚博,twse
2495,普安科技股份有限公司,普安,twse
2496,卓越成功股份有限公司,卓越,twse
2497,怡利電子工業股份有限公司,怡利電,twse
2498,宏達國際電子股份有限公司,宏達電,twse
2501,國泰建設股份有限公司,國建,twse
2504,國產建材實業股份有限公司,國產,twse
2505,國揚實業股份有限公司,國揚,twse
2506,太平洋建設股份有限公司,太設,twse
2509,全坤建設開發股份有限公司,全坤建,twse
2511,太子建設開發股份有限公司,太子,twse
2514,龍邦國際興業股份有限公司,龍邦,twse
2515,中華工程股份有限公司,中工,twse
2516,新亞建設開發股份有限公司,新建,twse
2520,冠德建設股份有限公司,冠德,twse
2524,京城建設股份有限公司,京城,twse
2527,宏璟建設股份有限公司,宏璟,twse
2528,皇普建設股份有限公司,皇普,twse
2530,大華建設股份有限公司,華建,twse
2534,宏盛建設股份有限公司,宏盛,twse
2535,達欣工程股份有限公司,達欣工,twse
2536,宏普建設股份有限公司,宏普,twse
2537,聯上開發股份有限公司,聯上發,twse
2538,基泰建設股份有限公司,基泰,twse
2539,櫻花建設股份有限公司,櫻花建,twse
2540,愛山林建設開發股份有限公司,愛山林,twse
2542,興富發建設股份有限公司,興富發,twse
2543,皇昌營造股份有限公司,皇昌,twse
2545,皇翔建設股份有限公司,皇翔,twse
2546,根基營造股份有限公司,根基,twse
2547,日勝生活科技股份有限公司,日勝生,twse
2548,華固建設股份有限公司,華固,twse
2597,潤弘精密工程事業股份有限公司,潤弘,twse
2601,益航股份有限公司,益航,twse
2603,長榮海運股份有限公司,長榮,twse
2605,新興航運股份有限公司,新興,twse
2606,裕民航運股份有限公司,裕民,twse
2607,長榮國際儲運股份有限公司,榮運,twse
2608,嘉里大榮物流股份有限公司,嘉里大榮,twse
2609,陽明海運股份有限公司,陽明,twse
2610,中華航空股份有限公司,華航,twse
2611,志信國際股份有限公司,志信,twse
2612,中國航運股份有限公司,中航,twse
2613,中國貨櫃運輸股份有限公司,中櫃,twse
2614,東森國際股份有限公司,東森,twse
2615,萬海航運股份有限公司,萬海,twse
2616,山隆通運股份有限公司,山隆,twse
2617,台灣航業股份有限公司,台航,twse
2618,長榮航空股份有限公司,長榮航,twse
2630,亞洲航空股份有限公司,亞航,twse
2633,台灣高速鐵路股份有限公司,台灣高鐵,twse
2634,漢翔航空工業股份有限公司,漢翔,twse
2636,台驊國際控股股份有限公司,台驊控股,twse
2637,慧洋海運股份有限公司,慧洋-KY,twse
2642,台灣宅配通股份有限公司,宅配通,twse
2645,長榮航太科技股份有限公司,長榮航太,twse
2646,星宇航空股份有限公司,星宇航空,twse
2701,萬華企業股份有限公司,萬企,twse
2702,華園飯店股份有限公司,華園,twse
2704,國賓大飯店股份有限公司,國賓,twse
2705,六福開發股份有限公司,六福,twse
2706,第一華僑大飯店股份有限公司,第一店,twse
2707,晶華國際酒店股份有限公司,晶華,twse
2712,遠雄悅來大飯店股份有限公司,遠雄來,twse
2722,夏都國際開發股份有限公司,夏都,twse
2723,開曼美食達人股份有限公司,美食-KY,twse
2727,王品餐飲股份有限公司,王品,twse
2731,雄獅旅行社股份有限公司,雄獅,twse
2739,寒舍餐旅管理顧問股份有限公司,寒舍,twse
2748,雲品國際酒店股份有限公司,雲品,twse
2753,八方雲集國際股份有限公司,八方雲集,twse
2762,世界健身股份有限公司,世界健身-KY,twse
2801,彰化商業銀行股份有限公司,彰銀,twse
2812,台中商業銀行股份有限公司,台中銀,twse
2816,旺旺友聯產物保險股份有限公司,旺旺保,twse
2820,中華票券金融股份有限公司,華票,twse
2832,台灣產物保險股份有限公司,台產,twse
2834,臺灣中小企業銀行股份有限公司,臺企銀,twse
2836,高雄銀行股份有限公司,高雄銀,twse
2838,聯邦商業銀行股份有限公司,聯邦銀,twse
2845,遠東國際商業銀行股份有限公司,遠東銀,twse
2849,安泰商業銀行股份有限公司,安泰銀,twse
2850,新光產物保險股份有限公司,新產,twse
2851,中央再保險股份有限公司,中再保,twse
2852,第一產物保險股份有限公司,第一保,twse
2855,統一綜合證券股份有限公司,統一證,twse
2880,華南金融控股股份有限公司,華南金,twse
2881,富邦金融控股股份有限公司,富邦金,twse
2882,國泰金融控股股份有限公司,國泰金,twse
2883,凱基金融控股股份有限公司,凱基金,twse
2884,玉山金融控股股份有限公司,玉山金,twse
2885,元大金融控股股份有限公司,元大金,twse
2886,兆豐金融控股股份有限公司,兆豐金,twse
2887,台新新光金融控股股份有限公司,台新新光金,twse
2889,國票金融控股股份有限公司,國票金,twse
2890,永豐金融控股股份有限公司,永豐金,twse
2891,中國信託金融控股股份有限公司,中信金,twse
2892,第一金融控股股份有限公司,第一金,twse
2897,王道商業銀行股份有限公司,王道銀行,twse
2901,欣欣大眾市場股份有限公司,欣欣,twse
2903,遠東百貨股份有限公司,遠百,twse
2904,匯僑股份有限公司,匯僑,twse
2905,三商投資控股股份有限公司,三商,twse
2906,高林實業股份有限公司,高林,twse
2908,特力股份有限公司,特力,twse
2910,統領百貨股份有限公司,統領,twse
2911,麗嬰房股份有限公司,麗嬰房,twse
2912,統一超商股份有限公司,統一超,twse
2913,台灣農林股份有限公司,農林,twse
2915,潤泰全球股份有限公司,潤泰全,twse
2923,鼎固控股有限公司,鼎固-KY,twse
2929,淘帝國際控股有限公司,淘帝-KY,twse
2939,永邑國際集團股份有限公司,永邑-KY,twse
2945,三商家購股份有限公司,三商家購,twse
3002,歐格電子股份有限公司,歐格,twse
3003,健和興端子股份有限公司,健和興,twse
3004,豐達科技股份有限公司,豐達科,twse
3005,神基控股股份有限公司,神基,twse
3006,晶豪科技股份有限公司,晶豪科,twse
3008,大立光電股份有限公司,大立光,twse
3010,華立企業股份有限公司,華立,twse
3011,今皓實業股份有限公司,今皓,twse
3013,晟銘電子科技股份有限公司,晟銘電,twse
3014,聯陽半導體股份有限公司,聯陽,twse
3015,全漢企業股份有限公司,全漢,twse
3016,嘉晶電子股份有限公司,嘉晶,twse
3017,奇鋐科技股份有限公司,奇鋐,twse
3018,隆銘綠能科技工程股份有限公司,隆銘綠能,twse
3019,亞洲光學股份有限公司,亞光,twse
3021,鴻名企業股份有限公司,鴻名,twse
3022,威強電工業電腦股份有限公司,威強電,twse
3023,信邦電子股份有限公司,信邦,twse
3024,憶聲電子股份有限公司,憶聲,twse
3025,星通資訊股份有限公司,星通,twse
3026,禾伸堂企業股份有限公司,禾伸堂,twse
3027,盛達電業股份有限公司,盛達,twse
3028,增你強股份有限公司,增你強,twse
3029,零壹科技股份有限公司,零壹,twse
3030,德律科技股份有限公司,德律,twse
3031,佰鴻工業股份有限公司,佰鴻,twse
3032,偉訓科技股份有限公司,偉訓,twse
3033,威健實業股份有限公司,威健,twse
3034,聯詠科技股份有限公司,聯詠,twse
3035,智原科技股份有限公司,智原,twse
3036,文曄科技股份有限公司,文曄,twse
3037,欣興電子股份有限公司,欣興,twse
3038,全台晶像股份有限公司,全台,twse
3040,遠見科技股份有限公司,遠見,twse
3041,揚智科技股份有限公司,揚智,twse
3042,台灣晶技股份有限公司,晶技,twse
3043,科風股份有限公司,科風,twse
3044,健鼎科技股份有限公司,健鼎,twse
3045,台灣大哥大股份有限公司,台灣大,twse
3046,建碁股份有限公司,建碁,twse
3047,訊舟科技股份有限公司,訊舟,twse
3048,益登科技股份有限公司,益登,twse
3049,精金科技股份有限公司,精金,twse
3050,鈺德科技股份有限公司,鈺德,twse
3051,力特光電科技股份有限公司,力特,twse
3052,夆典科技開發股份有限公司,夆典,twse
3054,立萬利創新股份有限公司,立萬利,twse
3055,蔚華科技股份有限公司,蔚華科,twse
3056,富華創新股份有限公司,富華新,twse
3057,喬鼎資訊股份有限公司,喬鼎,twse
3058,立德電子股份有限公司,立德,twse
3059,華晶科技股份有限公司,華晶科,twse
3060,銘異科技股份有限公司,銘異,twse
3062,建漢科技股份有限公司,建漢,twse
3090,日電貿股份有限公司,日電貿,twse
3092,鴻碩精密電工股份有限公司,鴻碩,twse
3094,聯傑國際股份有限公司,聯傑,twse
3130,一零四資訊科技股份有限公司,一零四,twse
3135,凌航科技股份有限公司,凌航,twse
3138,耀登科技股份有限公司,耀登,twse
3149,正達國際光電股份有限公司,正達,twse
3150,鈺寶科技股份有限公司,鈺寶-創,twse
3164,景岳生物科技股份有限公司,景岳,twse
3167,大量科技股份有限公司,大量,twse
3168,眾福科技股份有限公司,眾福科,twse
3189,景碩科技股份有限公司,景碩,twse
3209,全科科技股份有限公司,全科,twse
3229,晟鈦股份有限公司,晟鈦,twse
3231,緯創資通股份有限公司,緯創,twse
3257,虹冠電子工業股份有限公司,虹冠電,twse
3266,昇陽建設企業股份有限公司,昇陽,twse
3296,勝德國際研發股份有限公司,勝德,twse
3305,昇貿科技股份有限公司,昇貿,twse
3308,聯德電子股份有限公司,聯德,twse
3311,閎暉實業股份有限公司,閎暉,twse
3312,弘憶國際股份有限公司,弘憶股,twse
3321,同泰電子科技股份有限公司,同泰,twse
3338,泰碩電子股份有限公司,泰碩,twse
3346,麗清科技股份有限公司,麗清,twse
3356,奇偶科技股份有限公司,奇偶,twse
3376,新日興股份有限公司,新日興,twse
3380,明泰科技股份有限公司,明泰,twse
3406,玉晶光電股份有限公司,玉晶光,twse
3413,京鼎精密科技股份有限公司,京鼎,twse
3416,融程電訊股份有限公司,融程電,twse
3419,譁裕實業股份有限公司,譁裕,twse
3432,台端興業股份有限公司,台端,twse
3437,榮創能源科技股份有限公司,榮創,twse
3443,創意電子股份有限公司,創意,twse
3447,展達通訊股份有限公司,展達,twse
3450,聯鈞光電股份有限公司,聯鈞,twse
3481,群創光電股份有限公司,群創,twse
3494,誠研科技股份有限公司,誠研,twse
3501,維熹科技股份有限公司,維熹,twse
3504,揚明光學股份有限公司,揚明光,twse
3515,華擎科技股份有限公司,華擎,twse
3518,柏騰科技股份有限公司,柏騰,twse
3528,安馳科技股份有限公司,安馳,twse
3530,晶相光電股份有限公司,晶相光,twse
3532,台塑勝高科技股份有限公司,台勝科,twse
3533,嘉澤端子工業股份有限公司,嘉澤,twse
3535,晶彩科技股份有限公司,晶彩科,twse
3543,州巧科技股份有限公司,州巧,twse
3545,敦泰電子股份有限公司,敦泰,twse
3550,聯穎科技股份有限公司,聯穎,twse
3557,嘉威生活股份有限公司,嘉威,twse
3563,牧德科技股份有限公司,牧德,twse
3576,聯合再生能源股份有限公司,聯合再生,twse
3583,辛耘企業股份有限公司,辛耘,twse
3588,通嘉科技股份有限公司,通嘉,twse
3591,艾笛森光電股份有限公司,艾笛森,twse
3592,瑞鼎科技股份有限公司,瑞鼎,twse
3593,力銘科技股份有限公司,力銘,twse
3596,智易科技股份有限公司,智易,twse
3605,宏致電子股份有限公司,宏致,twse
3607,谷崧精密工業股份有限公司,谷崧,twse
3617,碩天科技股份有限公司,碩天,twse
3622,洋華光電股份有限公司,洋華,twse
3645,達邁科技股份有限公司,達邁,twse
3652,精聯電子股份有限公司,精聯,twse
3653,健策精密工業股份有限公司,健策,twse
3661,世芯電子股份有限公司,世芯-KY,twse
3665,貿聯控股(BizLink Holding Inc.),貿聯-KY,twse
3669,圓展科技股份有限公司,圓展,twse
3673,"TPK Holding Co., Ltd.",TPK-KY,twse
3679,新至陞科技股份有限公司,新至陞,twse
3686,達能科技股份有限公司,達能,twse
3694,海華科技股份有限公司,海華,twse
3701,大眾全球投資控股股份有限公司,大眾控,twse
3702,大聯大控股股份有限公司,大聯大,twse
3703,欣陸投資控股股份有限公司,欣陸,twse
3704,合勤投資控股股份有限公司,合勤控,twse
3705,永信國際投資控股股份有限公司,永信,twse
3706,神達控股股份有限公司,神達,twse
3708,上緯國際控股股份有限公司,上緯投控,twse
3711,日月光投資控股股份有限公司,日月光投控,twse
3712,永崴投資控股股份有限公司,永崴投控,twse
3714,富采控股股份有限公司,富采,twse
3715,定穎投資控股股份有限公司,定穎投控,twse
3716,中化控股股份有限公司,中化控股,twse
3717,聯嘉光電投資控股股份有限公司,聯嘉投控,twse
4104,佳醫健康事業股份有限公司,佳醫,twse
4106,雃博股份有限公司,雃博,twse
4108,懷特生技新藥股份有限公司,懷特,twse
4119,旭富製藥科技股份有限公司,旭富,twse
4133,亞諾法生技股份有限公司,亞諾法,twse
4137,麗豐股份有限公司,麗豐-KY,twse
4142,國光生物科技股份有限公司,國光生,twse
4148,全宇生技控股有限公司,全宇生技-KY,twse
4155,訊映光電股份有限公司,訊映,twse
4164,承業生醫投資控股股份有限公司,承業醫,twse
4169,泰宗生物科技股份有限公司,泰宗,twse
4178,永笙生技股份有限公司,永笙-KY,twse
4190,佐登妮絲集團股份有限公司,佐登-KY,twse
4195,基龍米克斯生物科技股份有限公司,基米-創,twse
4306,炎洲股份有限公司,炎洲,twse
4414,如興股份有限公司,如興,twse
4426,利勤實業股份有限公司,利勤,twse
4438,廣越企業股份有限公司,廣越,twse
4439,冠星集團控股有限公司,冠星-KY,twse
4440,宜新實業股份有限公司,宜新實業,twse
4441,振大環球股份有限公司,振大環球,twse
4526,東台精機股份有限公司,東台,twse
4532,瑞智精密股份有限公司,瑞智,twse
4536,拓凱實業股份有限公司,拓凱,twse
4540,全球傳動科技股份有限公司,全球傳動,twse
4545,銘鈺精密工業股份有限公司,銘鈺,twse
4551,智伸科技股份有限公司,智伸科,twse
4552,力達控股有限公司,力達-KY,twse
4555,台灣氣立股份有限公司,氣立,twse
4557,永新控股股份有限公司,永新-KY,twse
4560,強信機械科技股份有限公司,強信-KY,twse
4562,穎漢科技股份有限公司,穎漢,twse
4564,元翎精密工業股份有限公司,元翎,twse
4566,時碩工業股份有限公司,時碩工業,twse
4569,六方科技股份有限公司,六方科-KY,twse
4571,鈞興機電國際股份有限公司,鈞興-KY,twse
4572,駐龍精密機械股份有限公司,駐龍,twse
4576,大銀微系統股份有限公司,大銀微系統,twse
4581,World Known MFG(Cayman)Limited,光隆精密-KY,twse
4582,聚恆科技股份有限公司,聚恆-創,twse
4583,台灣精銳科技股份有限公司,台灣精銳,twse
4585,達明機器人股份有限公司,達明,twse
4588,玖鼎電力資訊股份有限公司,玖鼎電力,twse
4590,富田電機股份有限公司,富田-創,twse
4720,德淵企業股份有限公司,德淵,twse
4722,國精化學股份有限公司,國精化,twse
4736,泰博科技股份有限公司,泰博,twse
4737,華廣生技股份有限公司,華廣,twse
4739,康普材料科技股份有限公司,康普,twse
4746,台耀化學股份有限公司,台耀,twse
4755,三福化工股份有限公司,三福化,twse
4763,濟南大自然新材料股份有限公司,材料*-KY,twse
4764,雙鍵化工股份有限公司,雙鍵,twse
4766,南寶樹脂化學工廠股份有限公司,南寶,twse
4770,上品綜合工業股份有限公司,上品,twse
4771,望隼科技股份有限公司,望隼,twse
4807,日成控股股份有限公司,日成-KY,twse
4904,遠傳電信股份有限公司,遠傳,twse
4906,正文科技股份有限公司,正文,twse
4912,聯德控股股份有限公司,聯德控股-KY,twse
4915,致伸科技股份有限公司,致伸,twse
4916,事欣科技股份有限公司,事欣科,twse
4919,新唐科技股份有限公司,新唐,twse
4927,泰鼎國際股份有限公司,泰鼎-KY,twse
4930,燦星網通股份有限公司,燦星網,twse
4934,太極能源科技股份有限公司,太極,twse
4935,茂林光電科技(開曼)股份有限公司,茂林-KY,twse
4938,和碩聯合科技股份有限公司,和碩,twse
4942,嘉彰股份有限公司,嘉彰,twse
4943,開曼康而富控股股份有限公司,康控-KY,twse
4949,有成精密股份有限公司,有成精密,twse
4952,凌通科技股份有限公司,凌通,twse
4956,光鋐科技股份有限公司,光鋐,twse
4958,臻鼎科技控股股份有限公司,臻鼎-KY,twse
4960,誠美材料科技股份有限公司,誠美材,twse
4961,天鈺科技股份有限公司,天鈺,twse
4967,十銓科技股份有限公司,十銓,twse
4968,立積電子股份有限公司,立積,twse
4976,佳凌科技股份有限公司,佳凌,twse
4977,眾達科技股份有限公司,眾達-KY,twse
4989,李長榮科技股份有限公司,榮科,twse
4994,傳奇網路遊戲股份有限公司,傳奇,twse
4999,鑫禾科技股份有限公司,鑫禾,twse
5007,三星科技股份有限公司,三星,twse
5203,訊連科技股份有限公司,訊連,twse
5215,科嘉(開曼)股份有限公司,科嘉-KY,twse
5222,全訊科技股份有限公司,全訊,twse
5225,東科控股股份有限公司,東科-KY,twse
5234,達興材料股份有限公司,達興材料,twse
5236,凌陽創新科技股份有限公司,凌陽創新,twse
5243,乙盛精密工業股份有限公司,乙盛-KY,twse
5244,弘凱光電股份有限公司,弘凱,twse
5258,虹堡科技股份有限公司,虹堡,twse
5269,祥碩科技股份有限公司,祥碩,twse
5283,禾聯碩股份有限公司,禾聯碩,twse
5284,經寶精密控股股份有限公司,jpp-KY,twse
5285,界霖科技股份有限公司,界霖,twse
5288,開曼商豐祥控股股份有限公司,豐祥-KY,twse
5292,華懋科技股份有限公司,華懋,twse
5306,桂盟國際股份有限公司,桂盟,twse
5388,中磊電子股份有限公司,中磊,twse
5434,崇越科技股份有限公司,崇越,twse
5469,瀚宇博德股份有限公司,瀚宇博,twse
5471,松翰科技股份有限公司,松翰,twse
5484,慧友電子股份有限公司,慧友,twse
5515,建國工程股份有限公司,建國,twse
5519,隆大營建事業股份有限公司,隆大,twse
5521,工信工程股份有限公司,工信,twse
5522,遠雄建設事業股份有限公司,遠雄,twse
5525,順天建設股份有限公司,順天,twse
5531,鄉林建設事業股份有限公司,鄉林,twse
5533,皇鼎建設開發股份有限公司,皇鼎,twse
5534,長虹建設股份有限公司,長虹,twse
5538,開曼東明控股股份有限公司,東明-KY,twse
5546,永固集團股份有限公司,永固-KY,twse
5607,遠雄自貿港投資控股股份有限公司,遠雄港,twse
5608,四維航業股份有限公司,四維航,twse
5706,鳳凰國際旅行社股份有限公司,鳳凰,twse
5871,中租控股股份有限公司,中租-KY,twse
5876,上海商業儲蓄銀行股份有限公司,上海商銀,twse
5880,合作金庫金融控股股份有限公司,合庫金,twse
5906,台南生活(開曼)股份有限公司,台南-KY,twse
5907,Grand Ocean RetailGroupLimited,大洋-KY,twse
6005,群益金鼎證券股份有限公司,群益證,twse
6024,群益期貨股份有限公司,群益期,twse
6108,競國實業股份有限公司,競國,twse
6112,邁達特數位股份有限公司,邁達特,twse
6115,鎰勝工業股份有限公司,鎰勝,twse
6116,瀚宇彩晶股份有限公司,彩晶,twse
6117,迎廣科技股份有限公司,迎廣,twse
6120,達運精密工業股份有限公司,達運,twse
6128,上福全球科技股份有限公司,上福,twse
6133,金橋科技股份有限公司,金橋,twse
6136,富爾特科技股份有限公司,富爾特,twse
6139,亞翔工程股份有限公司,亞翔,twse
6141,柏承科技股份有限公司,柏承,twse
6142,友勁科技股份有限公司,友勁,twse
6152,百一電子股份有限公司,百一,twse
6153,嘉聯益科技股份有限公司,嘉聯益,twse
6155,鈞寶電子工業股份有限公司,鈞寶,twse
6164,華興電子工業股份有限公司,華興,twse
6165,浪凡網路科技股份有限公司,浪凡,twse
6166,凌華科技股份有限公司,凌華,twse
6168,宏齊科技股份有限公司,宏齊,twse
6176,瑞儀光電股份有限公司,瑞儀,twse
6177,達麗建設事業股份有限公司,達麗,twse
6183,關貿網路股份有限公司,關貿,twse
6184,大豐有線電視股份有限公司,大豐電,twse
6189,豐藝電子股份有限公司,豐藝,twse
6191,精成科技股份有限公司,精成科,twse
6192,巨路國際股份有限公司,巨路,twse
6196,帆宣系統科技股份有限公司,帆宣,twse
6197,佳必琪國際股份有限公司,佳必琪,twse
6201,亞弘電科技股份有限公司,亞弘電,twse
6202,盛群半導體股份有限公司,盛群,twse
6205,詮欣股份有限公司,詮欣,twse
6206,飛捷科技股份有限公司,飛捷,twse
6209,今國光學工業股份有限公司,今國光,twse
6213,聯茂電子股份有限公司,聯茂,twse
6214,精誠資訊股份有限公司,精誠,twse
6215,和椿科技股份有限公司,和椿,twse
6216,居易科技股份有限公司,居易,twse
6224,聚鼎科技股份有限公司,聚鼎,twse
6225,天瀚科技股份有限公司,天瀚,twse
6226,光鼎電子股份有限公司,光鼎,twse
6230,尼得科超眾科技股份有限公司,尼得科超眾,twse
6235,華孚科技股份有限公司,華孚,twse
6239,力成科技股份有限公司,力成,twse
6243,迅杰科技股份有限公司,迅杰,twse
6257,矽格股份有限公司,矽格,twse
6269,台郡科技股份有限公司,台郡,twse
6271,同欣電子工業股份有限公司,同欣電,twse
6272,驊陞科技股份有限公司,驊陞,twse
6277,宏正自動科技股份有限公司,宏正,twse
6278,台灣表面黏著科技股份有限公司,台表科,twse
6281,全國電子股份有限公司,全國電,twse
6282,康舒科技股份有限公司,康舒,twse
6283,淳安電子股份有限公司,淳安,twse
6285,啟碁科技股份有限公司,啟碁,twse
6405,悅城科技股份有限公司,悅城,twse
6409,旭隼科技股份有限公司,旭隼,twse
6412,群光電能科技股份有限公司,群電,twse
6414,樺漢科技股份有限公司,樺漢,twse
6415,矽力杰股份有限公司,矽力*-KY,twse
6416,瑞祺電通股份有限公司,瑞祺電通,twse
6426,統新光訊股份有限公司,統新,twse
6431,光麗生技控股股份有限公司,光麗-KY,twse
6438,迅得機械股份有限公司,迅得,twse
6442,光紅建聖股份有限公司,光聖,twse
6443,元晶太陽能科技股份有限公司,元晶,twse
6446,藥華醫藥股份有限公司,藥華藥,twse
6449,鈺邦科技股份有限公司,鈺邦,twse
6451,訊芯科技控股股份有限公司,訊芯-KY,twse
6456,GIS Holding Limited,GIS-KY,twse
6464,台灣數位光訊科技股份有限公司,台數科,twse
6472,保瑞藥業股份有限公司,保瑞,twse
6477,安集科技股份有限公司,安集,twse
6491,晶碩光學股份有限公司,晶碩,twse
6504,南六企業股份有限公司,南六,twse
6505,台塑石化股份有限公司,台塑化,twse
6515,穎崴科技股份有限公司,穎崴,twse
6525,捷敏股份有限公司,捷敏-KY,twse
6526,達發科技股份有限公司,達發,twse
6531,愛普科技股份有限公司,愛普*,twse
6533,晶心科技股份有限公司,晶心科,twse
6534,正瀚生技股份有限公司,正瀚-創,twse
6541,泰福生技股份有限公司,泰福-KY,twse
6550,北極星藥業集團股份有限公司,北極星藥業-KY,twse
6552,易華電子股份有限公司,易華電,twse
6558,興能高科技股份有限公司,興能高,twse
6573,虹揚發展科技股份有限公司,虹揚-KY,twse
6579,研揚科技股份有限公司,研揚,twse
6581,台灣鋼聯股份有限公司,鋼聯,twse
6582,申豐特用應材股份有限公司,申豐,twse
6585,鼎基先進材料股份有限公司,鼎基,twse
6589,台康生技股份有限公司,台康生技,twse
6591,動力科技股份有限公司,動力-KY,twse
6592,和潤企業股份有限公司,和潤企業,twse
6598,Applied BioCode Corporation,ABC-KY,twse
6605,帝寶工業股份有限公司,帝寶,twse
6606,建德工業股份有限公司,建德工業,twse
6614,資拓宏宇國際股份有限公司,資拓宏宇,twse
6625,必應創造股份有限公司,必應,twse
6641,基士德科技股份有限公司,基士德-KY,twse
6645,金萬林企業股份有限公司,金萬林-創,twse
6655,科定企業股份有限公司,科定,twse
6657,華安醫學股份有限公司,華安,twse
6658,聯策科技股份有限公司,聯策,twse
6666,羅麗芬控股股份有限公司,羅麗芬-KY,twse
6668,中揚光電股份有限公司,中揚光,twse
6669,緯穎科技服務股份有限公司,緯穎,twse
6670,復盛應用科技股份有限公司,復盛應用,twse
6671,三能集團控股股份有限公司,三能-KY,twse
6672,騰輝電子國際集團股份有限公司,騰輝電子-KY,twse
6674,鋐寶科技股份有限公司,鋐寶科技,twse
6689,伊雲谷數位科技股份有限公司,伊雲谷,twse
6691,洋基工程股份有限公司,洋基工程,twse
6695,芯鼎科技股份有限公司,芯鼎,twse
6698,旭暉應用材料股份有限公司,旭暉應材,twse
6706,惠特科技股份有限公司,惠特,twse
6715,嘉基科技股份有限公司,嘉基,twse
6719,力智電子股份有限公司,力智,twse
6722,輝創電子股份有限公司,輝創,twse
6742,澤米科技股份有限公司,澤米,twse
6743,安普新股份有限公司,安普新,twse
6753,龍德造船工業股份有限公司,龍德造船,twse
6754,匯僑室內裝修設計股份有限公司,匯僑設計,twse
6756,威鋒電子股份有限公司,威鋒電子,twse
6757,台灣虎航股份有限公司,台灣虎航,twse
6768,志強國際企業股份有限公司,志強-KY,twse
6770,力晶積成電子製造股份有限公司,力積電,twse
6771,平和環保科技股份有限公司,平和環保-創,twse
6776,展碁國際股份有限公司,展碁國際,twse
6781,"AES Holding Co., Ltd.",AES-KY,twse
6782,視陽光學股份有限公司,視陽,twse
6789,采鈺科技股份有限公司,采鈺,twse
6790,永豐餘消費品實業股份有限公司,永豐實,twse
6792,詠業科技股份有限公司,詠業,twse
6794,向榮生醫科技股份有限公司,向榮生技,twse
6796,晉弘科技股份有限公司,晉弘,twse
6799,來頡科技股份有限公司,來頡,twse
6805,富世達股份有限公司,富世達,twse
6807,峰源集團股份有限公司,峰源-KY,twse
6830,汎銓科技股份有限公司,汎銓,twse
6831,邁&#33834;科技股份有限公司,邁科,twse
6834,天二科技股份有限公司,天二科技,twse
6835,圓裕企業股份有限公司,圓裕,twse
6838,台新藥股份有限公司,台新藥,twse
6854,PlayNitride Inc.,錼創科技-KY創,twse
6861,睿生光電股份有限公司,睿生光電,twse
6862,三集瑞科技國際集團股份有限公司,三集瑞-KY,twse
6863,Arizon RFID Technology,永道-KY,twse
6869,雲豹能源科技股份有限公司,雲豹能源,twse
6873,泓德能源科技股份有限公司,泓德能源,twse
6885,全福生物科技股份有限公司,全福生技,twse
6887,寶綠特資源再生工程股份有限公司,寶綠特-KY,twse
6890,來億興業股份有限公司,來億-KY,twse
6901,鑽石生技投資股份有限公司,鑽石投資,twse
6902,走著瞧股份有限公司,GOGOLOOK,twse
6906,現觀科技股份有限公司,現觀科,twse
6908,宏碁遊戲股份有限公司,宏碁遊戲-創,twse
6909,創控科技股份有限公司,創控,twse
6914,阜爾運通股份有限公司,阜爾運通,twse
6916,華凌光電股份有限公司,華凌,twse
6918,愛派司生技股份有限公司,愛派司,twse
6919,康霈生技股份有限公司,康霈*,twse
6921,嘉雨思科技股份有限公司,嘉雨思-創,twse
6923,中台資源科技股份有限公司,中台,twse
6924,榮惠集團(開曼)股份有限公司,榮惠-KY創,twse
6928,攸泰科技股份有限公司,攸泰科技,twse
6931,青松健康股份有限公司,青松健康,twse
6933,艾瑪斯科技控股股份有限公司,AMAX-KY,twse
6934,心誠鎂行動醫電股份有限公司,心誠鎂,twse
6936,永鴻國際生技股份有限公司,永鴻生技,twse
6937,天虹科技股份有限公司,天虹,twse
6944,兆聯實業股份有限公司,兆聯實業,twse
6947,台鎔科技材料股份有限公司,台鎔科技,twse
6949,沛爾生技醫藥股份有限公司,沛爾生醫*-創,twse
6951,青新環境工程股份有限公司,青新-創,twse
6952,大武山牧場科技股份有限公司,大武山,twse
6955,邦睿生技股份有限公司,邦睿生技-創,twse
6957,裕慶金屬股份有限公司,裕慶-KY,twse
6958,日盛台駿國際租賃股份有限公司,日盛台駿,twse
6962,ITH Corporation,奕力-KY,twse
6965,中傑投資控股股份有限公司,中傑-KY,twse
6969,成信實業股份有限公司,成信實業*-創,twse
6988,威力暘電子股份有限公司,威力暘-創,twse
6994,富威電力股份有限公司,富威電力,twse
7610,聯友金屬科技股份有限公司,聯友金屬-創,twse
7631,聚賢研發股份有限公司,聚賢研發-創,twse
7689,大鵬科技股份有限公司,大鵬科CLMX,twse
7705,三商餐飲股份有限公司,三商餐飲,twse
7711,永擎電子股份有限公司,永擎,twse
7721,微程式資訊股份有限公司,微程式,twse
7722,連加網路商業股份有限公司,LINEPAY,twse
7730,暉盛科技股份有限公司,暉盛-創,twse
7732,金興精密工業股份有限公司,金興精密,twse
7736,虎山實業股份有限公司,虎山,twse
7740,熙特爾新能源股份有限公司,熙特爾-創,twse
7749,意騰科技股份有限公司,意騰-KY,twse
7750,新代科技股份有限公司,新代,twse
7760,享溫馨企業股份有限公司,享溫馨,twse
7765,中華資安國際股份有限公司,中華資安,twse
7768,頌勝科技材料股份有限公司,頌勝科技,twse
7769,鴻勁精密股份有限公司,鴻勁,twse
7780,大研生醫國際股份有限公司,大研生醫*,twse
7786,東方風能科技股份有限公司,東方風能,twse
7788,松川精密股份有限公司,松川精密,twse
7791,皇家可口股份有限公司,皇家可口,twse
7795,長廣精機股份有限公司,長廣,twse
7799,禾榮科技股份有限公司,禾榮科,twse
7803,雲象科技股份有限公司,雲象科技-創,twse
7812,稜研科技股份有限公司,稜研科技*-創,twse
7818,溢泰實業股份有限公司,溢泰實業,twse
7821,神達數位股份有限公司,神數,twse
7822,倍利科技股份有限公司,倍利科,twse
7823,奧義賽博科技股份有限公司,奧義賽博-KY創,twse
7827,英屬開曼群島商漢康生技(股)公司,漢康-KY創,twse
7835,永悅健康股份有限公司,永悅健康-創,twse
7855,和運租車股份有限公司,和運租車,twse
8011,台通光電股份有限公司,台通,twse
8016,矽創電子股份有限公司,矽創,twse
8021,尖點科技股份有限公司,尖點,twse
8028,昇陽國際半導體股份有限公司,昇陽半導體,twse
8033,雷虎科技股份有限公司,雷虎,twse
8039,台虹科技股份有限公司,台虹,twse
8045,達運光電股份有限公司,達運光電,twse
8046,南亞電路板股份有限公司,南電,twse
8070,長華電材股份有限公司,長華*,twse
8072,陞泰科技股份有限公司,陞泰,twse
8081,致新科技股份有限公司,致新,twse
8101,華冠通訊股份有限公司,華冠,twse
8103,瀚荃股份有限公司,瀚荃,twse
8104,錸寶科技股份有限公司,錸寶,twse
8105,凌巨科技股份有限公司,凌巨,twse
8110,華東科技股份有限公司,華東,twse
8112,至上電子股份有限公司,至上,twse
8114,振樺電子股份有限公司,振樺電,twse
8131,福懋科技股份有限公司,福懋科,twse
8150,南茂科技股份有限公司,南茂,twse
8162,微矽電子股份有限公司,微矽電子-創,twse
8163,達方電子股份有限公司,達方,twse
8201,無敵科技股份有限公司,無敵,twse
8210,勤誠興業股份有限公司,勤誠,twse
8213,志超科技股份有限公司,志超,twse
8215,明基材料股份有限公司,明基材,twse
8222,寶一科技股份有限公司,寶一,twse
8249,菱光科技股份有限公司,菱光,twse
8261,富鼎先進電子股份有限公司,富鼎,twse
8271,宇瞻科技股份有限公司,宇瞻,twse
8341,日友環保科技股份有限公司,日友,twse
8367,建新國際股份有限公司,建新國際,twse
8374,羅昇企業股份有限公司,羅昇,twse
8404,百和興業股份有限公司(開曼),百和興業-KY,twse
8411,福貞控股股份有限公司,福貞-KY,twse
8422,可寧衛股份有限公司,可寧衛*,twse
8429,金麗集團控股有限公司,金麗-KY,twse
8438,昶昕實業股份有限公司,昶昕,twse
8442,威宏控股股份有限公司,威宏-KY,twse
8443,阿瘦實業股份有限公司,阿瘦,twse
8454,富邦媒體科技股份有限公司,富邦媒,twse
8462,柏文健康事業股份有限公司,柏文,twse
8463,潤泰精密材料股份有限公司,潤泰材,twse
8464,億豐綜合工業股份有限公司,億豐,twse
8466,美吉吉國際股份有限公司,美吉吉-KY,twse
8467,波力環球企業股份有限公司,波力-KY,twse
8473,山林水環境工程股份有限公司,山林水,twse
8476,台境企業股份有限公司,台境*,twse
8478,東哥企業股份有限公司,東哥遊艇,twse
8481,政伸企業股份有限公司,政伸,twse
8482,商億全球控股有限公司,商億-KY,twse
8487,愛爾達科技股份有限公司,愛爾達-創,twse
8488,吉源控股股份有限公司,吉源-KY,twse
8499,鼎炫投資控股股份有限公司,鼎炫-KY,twse
8926,台灣汽電共生股份有限公司,台汽電,twse
8940,新天地國際實業股份有限公司,新天地,twse
8996,高力熱處理工業股份有限公司,高力,twse
9103,美德向邦醫療國際股份有限公司,美德醫療-DR,twse
910322,康師傅控股有限公司,康師傅-DR,twse
9105,泰金寶科技股份有限公司,泰金寶-DR,twse
910861,神州數碼控股有限公司,神州-DR,twse
9110,越南製造加工出口控股有限公司,越南控-DR,twse
911608,明輝環球企業有限公司,明輝-DR,twse
911622,聚亨企業集團(泰國)大眾有限公司,泰聚亨-DR,twse
911868,同方友友控股有限公司,同方友友-DR,twse
912000,晨訊科技集團有限公司,晨訊科-DR,twse
9136,巨騰國際控股有限公司,巨騰-DR,twse
9802,鈺齊國際股份有限公司,鈺齊-KY,twse
9902,台火開發股份有限公司,台火,twse
9904,寶成工業股份有限公司,寶成,twse
9905,大華金屬工業股份有限公司,大華,twse
9906,欣巴巴事業股份有限公司,欣巴巴,twse
9907,統一實業股份有限公司,統一實,twse
9908,大台北區瓦斯股份有限公司,大台北,twse
9910,豐泰企業股份有限公司,豐泰,twse
9911,台灣櫻花股份有限公司,櫻花,twse
9912,偉聯科技股份有限公司,偉聯,twse
9914,美利達工業股份有限公司,美利達,twse
9917,中興保全科技股份有限公司,中保科,twse
9918,欣欣天然氣股份有限公司,欣天然,twse
9919,康那香企業股份有限公司,康那香,twse
9921,巨大機械工業股份有限公司,巨大,twse
9924,台灣福興工業股份有限公司,福興,twse
9925,台灣新光保全股份有限公司,新保,twse
9926,新海瓦斯股份有限公司,新海,twse
9927,泰銘實業股份有限公司,泰銘,twse
9928,中國電視事業股份有限公司,中視,twse
9929,秋雨創新股份有限公司,秋雨,twse
9930,中聯資源股份有限公司,中聯資源,twse
9931,欣高石油氣股份有限公司,欣高,twse
9933,中鼎工程股份有限公司,中鼎,twse
9934,成霖企業股份有限公司,成霖,twse
9935,慶豐富實業股份有限公司,慶豐富,twse
9937,全國加油站股份有限公司,全國,twse
9938,台灣百和工業股份有限公司,百和,twse
9939,宏全國際股份有限公司,宏全,twse
9940,信義房屋股份有限公司,信義,twse
9941,裕融企業股份有限公司,裕融,twse
9942,茂順密封元件科技股份有限公司,茂順,twse
9943,好樂迪股份有限公司,好樂迪,twse
9944,新麗企業股份有限公司,新麗,twse
9945,潤泰創新國際股份有限公司,潤泰新,twse
9946,三發地產股份有限公司,三發地產,twse
9955,佳龍科技工程股份有限公司,佳龍,twse
9958,世紀鋼鐵結構股份有限公司,世紀鋼,twse
1240,茂生農經股份有限公司,茂生農經,tpex
1259,安心食品服務股份有限公司,安心,tpex
1264,德麥食品股份有限公司,德麥,tpex
1268,漢來美食股份有限公司,漢來美食,tpex
1294,漢田生技股份有限公司,漢田生技,tpex
1295,生合生物科技股份有限公司,生合,tpex
1336,台翰精密科技股份有限公司,台翰,tpex
1565,精華光學股份有限公司,精華,tpex
1569,濱川企業股份有限公司,濱川,tpex
1570,力肯實業股份有限公司,力肯,tpex
1580,新麥企業股份有限公司,新麥,tpex
1584,精剛精密科技股份有限公司,精剛,tpex
1586,和勤精機股份有限公司,和勤,tpex
1591,英屬開曼群島商駿吉控股(股)公司,駿吉-KY,tpex
1593,祺驊股份有限公司,祺驊,tpex
1595,川寶科技股份有限公司,川寶,tpex
1599,宏佳騰動力科技股份有限公司,宏佳騰,tpex
1742,台灣蠟品股份有限公司,台蠟,tpex
1777,生泰合成工業股份有限公司,生泰,tpex
1780,立弘生化科技股份有限公司,立弘,tpex
1781,合世生醫科技股份有限公司,合世,tpex
1784,訊聯生物科技股份有限公司,訊聯,tpex
1785,光洋應用材料科技股份有限公司,光洋科,tpex
1788,杏昌生技股份有限公司,杏昌,tpex
1796,金穎生物科技股份有限公司,金穎生技,tpex
1799,易威生醫科技股份有限公司,易威,tpex
1813,寶利徠光學科技股份有限公司,寶利徠,tpex
1815,富喬工業股份有限公司,富喬,tpex
2035,唐榮鐵工廠股份有限公司,唐榮公司,tpex
2061,風青實業股份有限公司,風青,tpex
2063,世鎧精密股份有限公司,世鎧精密,tpex
2064,晉椿工業股份有限公司,晉椿,tpex
2065,世豐螺絲股份有限公司,世豐,tpex
2066,世德工業股份有限公司,世德,tpex
2067,嘉鋼精密工業股份有限公司,嘉鋼,tpex
2070,精湛光學科技股份有限公司,精湛,tpex
2073,雄順金屬股份有限公司,雄順,tpex
2221,大甲永和機械工業股份有限公司,大甲,tpex
2230,泰茂實業股份有限公司,泰茂,tpex
2235,謚源實業股份有限公司,謚源,tpex
2596,綠意開發股份有限公司,綠意,tpex
2640,台灣大車隊股份有限公司,大車隊,tpex
2641,正德海運股份有限公司,正德,tpex
2643,捷迅股份有限公司,捷迅,tpex
2718,全心投資控股股份有限公司,全心投控,tpex
2719,台鋼燦星國際旅行社股份有限公司,燦星旅,tpex
2724,藝舍國際創新股份有限公司,藝舍-KY,tpex
2726,雅茗天地股份有限公司,雅茗-KY,tpex
2729,瓦城泰統股份有限公司,瓦城,tpex
2732,六角國際事業股份有限公司,六角,tpex
2734,易飛網國際旅行社股份有限公司,易飛網,tpex
2736,富野大飯店股份有限公司,富野,tpex
2740,華軒地產股份有限公司,華軒,tpex
2743,山富國際旅行社股份有限公司,山富,tpex
2745,五福旅行社股份有限公司,五福,tpex
2751,王座國際餐飲股份有限公司,王座,tpex
2752,豆府股份有限公司,豆府,tpex
2754,亞洲藏壽司股份有限公司,亞洲藏壽司,tpex
2755,揚秦國際企業股份有限公司,揚秦,tpex
2756,聯發國際餐飲事業股份有限公司,聯發國際,tpex
2916,滿心企業股份有限公司,滿心,tpex
2924,開曼群島宏太股份有限公司,宏太-KY,tpex
2926,誠品生活股份有限公司,誠品生活,tpex
2937,集雅社股份有限公司,集雅社,tpex
2938,床的世界股份有限公司,床的世界,tpex
2941,米斯特國際企業股份有限公司,米斯特,tpex
2947,振宇五金股份有限公司,振宇五金,tpex
2948,寶陞國際股份有限公司,寶陞,tpex
2949,欣新網股份有限公司,欣新網,tpex
3064,泰偉電子股份有限公司,泰偉,tpex
3066,李洲科技股份有限公司,李洲,tpex
3067,全域股份有限公司,全域,tpex
3071,協禧電機股份有限公司,協禧,tpex
3073,天方能源科技股份有限公司,天方能源,tpex
3078,僑威科技股份有限公司,僑威,tpex
3081,聯亞光電工業股份有限公司,聯亞,tpex
3083,中華網龍股份有限公司,網龍,tpex
3085,台鋼新零售股份有限公司,新零售,tpex
3086,華義國際數位娛樂股份有限公司,華義*,tpex
3088,艾訊股份有限公司,艾訊,tpex
3093,台灣港建股份有限公司,港建*,tpex
3095,及成企業股份有限公司,及成,tpex
3105,穩懋半導體股份有限公司,穩懋,tpex
3114,好德科技股份有限公司,好德,tpex
3115,富育榮綱股份有限公司,富榮綱,tpex
3118,進階生物科技股份有限公司,進階,tpex
3122,笙泉科技股份有限公司,笙泉,tpex
3128,昇銳智慧科技股份有限公司,昇銳,tpex
3131,弘塑科技股份有限公司,弘塑,tpex
3141,晶宏半導體股份有限公司,晶宏,tpex
3147,大綜電腦系統股份有限公司,大綜,tpex
3152,璟德電子工業股份有限公司,璟德,tpex
3158,嘉實資訊股份有限公司,嘉實,tpex
3162,精確實業股份有限公司,精確,tpex
3163,波若威科技股份有限公司,波若威,tpex
3169,亞信電子股份有限公司,亞信,tpex
3171,炎洲流通股份有限公司,炎洲流通,tpex
3176,基亞生物科技股份有限公司,基亞,tpex
3178,公準精密工業股份有限公司,公準,tpex
3188,鑫龍騰開發股份有限公司,鑫龍騰,tpex
3191,雲嘉南科技股份有限公司,雲嘉南,tpex
3205,佰研生化科技股份有限公司,佰研,tpex
3206,志豐電子股份有限公司,志豐,tpex
3207,耀勝電子股份有限公司,耀勝,tpex
3211,順達科技股份有限公司,順達,tpex
3213,茂訊電腦股份有限公司,茂訊,tpex
3217,優群科技股份有限公司,優群,tpex
3218,大學光學科技股份有限公司,大學光,tpex
3219,倚強科技股份有限公司,倚強科,tpex
3221,台灣嘉碩科技股份有限公司,台嘉碩,tpex
3224,三顧股份有限公司,三顧,tpex
3226,龍鋒科技股份有限公司,龍鋒,tpex
3227,原相科技股份有限公司,原相,tpex
3228,金麗科技股份有限公司,金麗科,tpex
3230,錦明實業股份有限公司,錦明,tpex
3232,昱捷股份有限公司,昱捷,tpex
3234,光環科技股份有限公司,光環,tpex
3236,千如電機工業股份有限公司,千如,tpex
3252,海灣國際開發(股)公司,海灣,tpex
3259,鑫創科技股份有限公司,鑫創,tpex
3260,威剛科技股份有限公司,威剛,tpex
3264,欣銓科技股份有限公司,欣銓,tpex
3265,台星科股份有限公司,台星科,tpex
3268,海德威電子工業股份有限公司,海德威,tpex
3272,東碩資訊股份有限公司,東碩,tpex
3276,宇環科技股份有限公司,宇環,tpex
3284,太普高精密影像股份有限公司,太普高,tpex
3285,微端科技股份有限公司,微端,tpex
3287,廣寰科技股份有限公司,廣寰科,tpex
3288,點晶科技股份有限公司,點晶,tpex
3289,宜特科技股份有限公司,宜特,tpex
3290,東浦精密光電股份有限公司,東浦,tpex
3293,鈊象電子股份有限公司,鈊象,tpex
3294,英濟股份有限公司,英濟,tpex
3297,杭特電子股份有限公司,杭特,tpex
3303,岱稜科技股份有限公司,岱稜,tpex
3306,鼎天國際股份有限公司,鼎天,tpex
3310,佳穎精密企業股份有限公司,佳穎,tpex
3313,斐成開發科技股份有限公司,斐成,tpex
3317,尼克森微電子股份有限公司,尼克森,tpex
3322,建舜電子製造股份有限公司,建舜電,tpex
3323,加百裕工業股份有限公司,加百裕,tpex
3324,雙鴻科技股份有限公司,雙鴻,tpex
3325,旭品科技股份有限公司,旭品,tpex
3332,幸康電子股份有限公司,幸康,tpex
3339,泰谷光電科技股份有限公司,泰谷,tpex
3349,寶德科技股份有限公司,寶德,tpex
3354,律勝科技股份有限公司,律勝,tpex
3357,西北臺慶科技股份有限公司,臺慶科,tpex
3360,尚立股份有限公司,尚立,tpex
3362,先進光電科技股份有限公司,先進光,tpex
3363,上詮光纖通信股份有限公司,上詮,tpex
3372,台灣典範半導體股份有限公司,典範,tpex
3373,熱映光電股份有限公司,熱映,tpex
3374,精材科技股份有限公司,精材,tpex
3379,彬台科技股份有限公司,彬台,tpex
3388,崇越電通股份有限公司,崇越電,tpex
3390,旭軟電子科技股份有限公司,旭軟,tpex
3402,漢科系統科技股份有限公司,漢科,tpex
3430,奇鈦科技股份有限公司,奇鈦科,tpex
3434,哲固資訊科技股份有限公司,哲固,tpex
3438,台灣類比科技股份有限公司,類比科,tpex
3441,聯一光電股份有限公司,聯一光電,tpex
3444,利機企業股份有限公司,利機,tpex
3455,由田新技股份有限公司,由田,tpex
3465,進泰電子科技股份有限公司,進泰電子,tpex
3466,德晉科技股份有限公司,德晉,tpex
3467,台灣精材股份有限公司,台灣精材,tpex
3479,安勤科技股份有限公司,安勤,tpex
3483,力致科技股份有限公司,力致,tpex
3484,崧騰企業股份有限公司,崧騰,tpex
3485,敘(余+卜+又)豐企業股份有限公司,敘豐,tpex
3489,森寶開發股份有限公司,森寶,tpex
3490,單井工業股份有限公司,單井,tpex
3491,昇達科技股份有限公司,昇達科,tpex
3492,長盛科技股份有限公司,長盛,tpex
3498,陽程科技股份有限公司,陽程,tpex
3499,環天世通科技股份有限公司,環天科,tpex
3508,位速科技股份有限公司,位速,tpex
3511,矽瑪科技股份有限公司,矽瑪,tpex
3512,皇龍開發股份有限公司,皇龍,tpex
3516,亞帝歐光電股份有限公司,亞帝歐,tpex
3520,華盈電子股份有限公司,華盈,tpex
3521,台鋼建設事業股份有限公司,台鋼建設,tpex
3522,御嵿國際股份有限公司,御嵿,tpex
3523,迎輝科技股份有限公司,迎輝,tpex
3526,凡甲科技股份有限公司,凡甲,tpex
3527,聚積科技股份有限公司,聚積,tpex
3529,力旺電子股份有限公司,力旺,tpex
3531,先益電子工業股份有限公司,先益,tpex
3537,堡達實業股份有限公司,堡達,tpex
3540,曜越科技股份有限公司,曜越,tpex
3541,西柏科技股份有限公司,西柏,tpex
3546,宇峻奧汀科技股份有限公司,宇峻,tpex
3548,兆利科技工業股份有限公司,兆利,tpex
3551,世禾科技股份有限公司,世禾,tpex
3552,同致電子企業股份有限公司,同致,tpex
3555,博士旺創新股份有限公司,博士旺,tpex
3556,禾瑞亞科技股份有限公司,禾瑞亞,tpex
3558,神準科技股份有限公司,神準,tpex
3564,其陽科技股份有限公司,其陽,tpex
3567,逸昌科技股份有限公司,逸昌,tpex
3570,大塚資訊科技股份有限公司,大塚,tpex
3577,泓格科技股份有限公司,泓格,tpex
3580,友威科技股份有限公司,友威科,tpex
3581,博磊科技股份有限公司,博磊,tpex
3587,閎康科技股份有限公司,閎康,tpex
3594,磐儀科技股份有限公司,磐儀,tpex
3597,映興電子股份有限公司,映興,tpex
3609,三一東林科技股份有限公司,三一東林,tpex
3611,鼎翰科技股份有限公司,鼎翰,tpex
3615,安可光電股份有限公司,安可,tpex
3623,富晶通科技股份有限公司,富晶通,tpex
3624,光頡科技股份有限公司,光頡,tpex
3625,西勝國際股份有限公司,西勝,tpex
3628,盈正豫順電子股份有限公司,盈正,tpex
3629,地心引力股份有限公司,地心引力,tpex
3630,新鉅科技股份有限公司,新鉅科,tpex
3631,晟楠科技股份有限公司,晟楠,tpex
3632,研勤科技股份有限公司,研勤,tpex
3646,艾恩特精密工業股份有限公司,艾恩特,tpex
3663,鑫科材料科技股份有限公司,鑫科,tpex
3664,安瑞科技股份有限公司,安瑞-KY,tpex
3666,光耀科技股份有限公司,光耀,tpex
3672,康聯訊科技股份有限公司,康聯訊,tpex
3675,德微科技股份有限公司,德微,tpex
3680,家登精密工業股份有限公司,家登,tpex
3684,榮昌科技股份有限公司,榮昌,tpex
3685,元創精密車業股份有限公司,元創精密,tpex
3687,茂為歐買尬數位科技股份有限公司,歐買尬,tpex
3689,湧德電子股份有限公司,湧德,tpex
3691,碩禾電子材料股份有限公司,碩禾,tpex
3693,營邦企業股份有限公司,營邦,tpex
3707,漢磊科技股份有限公司,漢磊,tpex
3709,鑫聯大投資控股股份有限公司,鑫聯大投控,tpex
3710,連展投資控股股份有限公司,連展投控,tpex
3713,新晶投資控股股份有限公司,新晶投控,tpex
3718,中光電投資控股股份有限公司,中光電投控,tpex
4102,永日化學工業股份有限公司,永日,tpex
4105,台灣東洋藥品工業股份有限公司,東洋,tpex
4107,邦特生物科技股份有限公司,邦特,tpex
4109,加捷生醫股份有限公司,加捷生醫,tpex
4111,濟生醫藥生技股份有限公司,濟生,tpex
4113,聯上實業股份有限公司,聯上,tpex
4114,健喬信元醫藥生技股份有限公司,健喬,tpex
4116,明基三豐醫療器材股份有限公司,明基醫,tpex
4120,友華生技醫藥股份有限公司,友華,tpex
4121,優盛醫學科技股份有限公司,優盛,tpex
4123,晟德大藥廠股份有限公司,晟德,tpex
4126,太平洋醫材股份有限公司,太醫,tpex
4127,天良生物科技企業股份有限公司,天良,tpex
4128,中天生物科技股份有限公司,中天,tpex
4129,聯合骨科器材股份有限公司,聯合,tpex
4131,浩泰精準股份有限公司,浩泰,tpex
4138,曜亞國際股份有限公司,曜亞,tpex
4139,馬光保健控股股份有限公司,馬光-KY,tpex
4147,中裕新藥股份有限公司,中裕,tpex
4153,鈺緯科技開發股份有限公司,鈺緯,tpex
4154,樂威科股份有限公司,樂威科-KY,tpex
4157,太景醫藥研發控股股份有限公司,太景*-KY,tpex
4160,訊聯基因數位股份有限公司,訊聯基因,tpex
4161,聿新生物科技股份有限公司,聿新科,tpex
4162,智擎生技製藥股份有限公司,智擎,tpex
4163,鐿鈦科技股份有限公司,鐿鈦,tpex
4166,友霖生技醫藥股份有限公司,友霖,tpex
4167,松瑞製藥股份有限公司,松瑞藥,tpex
4168,台灣醣聯生技醫藥股份有限公司,醣聯,tpex
4171,瑞基海洋生物科技股份有限公司,瑞基,tpex
4173,久裕企業股份有限公司,久裕,tpex
4174,台灣浩鼎生技股份有限公司,浩鼎,tpex
4175,杏一醫療用品股份有限公司,杏一,tpex
4183,福永生物科技股份有限公司,福永生技,tpex
4188,安克生醫股份有限公司,安克,tpex
4192,杏國新藥股份有限公司,杏國,tpex
4198,欣大健康投資控股股份有限公司,欣大健康,tpex
4205,中華食品實業股份有限公司,中華食,tpex
4207,環泰企業股份有限公司,環泰,tpex
4303,信立化學工業股份有限公司,信立,tpex
4304,勝昱科技股份有限公司,勝昱,tpex
4305,世坤塑膠股份有限公司,世坤,tpex
4401,東隆興業股份有限公司,東隆興,tpex
4402,郡都開發股份有限公司,郡都開發,tpex
4406,新昕纖維股份有限公司,新昕纖,tpex
4413,飛寶企業股份有限公司,飛寶企業,tpex
4416,三圓建設股份有限公司,三圓,tpex
4417,金洲海洋科技股份有限公司,金洲,tpex
4419,皇家國際美食股份有限公司,皇家美食,tpex
4420,光明絲織廠股份有限公司,光明,tpex
4430,耀億工業股份有限公司,耀億,tpex
4432,銘旺實業股份有限公司,銘旺實,tpex
4433,興采實業股份有限公司,興采,tpex
4442,開曼群島商竣邦國際股份有限公司,竣邦-KY,tpex
4502,健信科技工業股份有限公司,健信,tpex
4503,金雨企業股份有限公司,金雨,tpex
4506,崇友實業(股)公司,崇友,tpex
4510,高鋒工業股份有限公司,高鋒,tpex
4513,福裕事業股份有限公司,福裕,tpex
4523,永彰科技股份有限公司,永彰,tpex
4527,(方方土)霖冷凍機械股份有限公司,方方土霖,tpex
4528,江興鍛壓工業股份有限公司,江興鍛,tpex
4529,淳紳股份有限公司,淳紳,tpex
4530,天意能創股份有限公司,天意能創,tpex
4533,協易機械工業股份有限公司,協易機,tpex
4534,慶騰精密科技股份有限公司,慶騰,tpex
4535,至興精機股份有限公司,至興,tpex
4538,大詠城機械股份有限公司,大詠城,tpex
4541,晟田科技工業股份有限公司,晟田,tpex
4542,科嶠工業股份有限公司,科嶠,tpex
4543,萬在工業股份有限公司,萬在,tpex
4549,桓達科技股份有限公司,桓達,tpex
4550,長佳機電工程股份有限公司,長佳,tpex
4554,橙的電子股份有限公司,橙的,tpex
4556,旭然國際股份有限公司,旭然,tpex
4558,寶緯工業股份有限公司,寶緯,tpex
4561,健椿工業股份有限公司,健椿,tpex
4563,百德機械股份有限公司,百德,tpex
4568,科際精密股份有限公司,科際精密,tpex
4577,達航科技股份有限公司,達航科技,tpex
4580,捷流閥業股份有限公司,捷流閥業,tpex
4584,君帆工業股份有限公司,君帆,tpex
4609,唐鋒實業股份有限公司,唐鋒,tpex
4702,中美聯合實業股份有限公司,中美實,tpex
4706,大恭化學工業股份有限公司,大恭,tpex
4707,磐亞股份有限公司,磐亞,tpex
4711,永純化學工業股份有限公司,永純,tpex
4714,永捷創新科技股份有限公司,永捷,tpex
4716,大立高分子工業股份有限公司,大立,tpex
4721,美琪瑪國際股份有限公司,美琪瑪,tpex
4726,永昕生物醫藥股份有限公司,永昕,tpex
4728,雙美生物科技股份有限公司,雙美,tpex
4729,熒茂光學股份有限公司,熒茂,tpex
4735,豪展醫療科技股份有限公司,豪展,tpex
4741,泓瀚科技股份有限公司,泓瀚,tpex
4743,合一生技股份有限公司,合一,tpex
4744,皇將科技股份有限公司,皇將,tpex
4745,合富醫療控股股份有限公司,合富-KY,tpex
4747,強生化學製藥廠股份有限公司,強生*,tpex
4749,新應材股份有限公司,新應材,tpex
4754,國碳科技股份有限公司,國碳科,tpex
4760,勤凱科技股份有限公司,勤凱科技,tpex
4767,誠泰工業科技股份有限公司,誠泰科技,tpex
4768,晶呈科技股份有限公司,晶呈科技,tpex
4772,台灣特品化學股份有限公司,台特化,tpex
4804,大略國際控股有限公司,大略-KY,tpex
4806,桂田文創娛樂股份有限公司,桂田文創,tpex
4903,聯合光纖通信股份有限公司,聯光通,tpex
4905,台聯電訊股份有限公司,台聯電,tpex
4907,富宇地產股份有限公司,富宇,tpex
4908,前鼎光電股份有限公司,前鼎,tpex
4909,新復興微波通訊股份有限公司,新復興,tpex
4911,德英生物科技股份有限公司,德英,tpex
4923,力士科技股份有限公司,力士,tpex
4924,欣厚科技股份有限公司,欣厚-KY,tpex
4931,新盛力科技股份有限公司,新盛力,tpex
4933,友輝光電股份有限公司,友輝,tpex
4939,亞洲電材股份有限公司,亞電,tpex
4946,紅心辣椒娛樂科技股份有限公司,辣椒,tpex
4950,金耘國際股份有限公司,金耘國際,tpex
4951,精拓科技股份有限公司,精拓科,tpex
4953,緯致科技股份有限公司,緯致,tpex
4966,譜瑞科技股份有限公司,譜瑞-KY,tpex
4971,英特磊科技股份有限公司,IET-KY,tpex
4972,湯石照明科技股份有限公司,湯石照明,tpex
4973,廣穎電通股份有限公司,廣穎電通,tpex
4974,亞泰影像科技股份有限公司,亞泰,tpex
4979,華星光通科技股份有限公司,華星光,tpex
4991,環宇通訊半導體控股股份有限公司,環宇-KY,tpex
4995,晶達光電股份有限公司,晶達,tpex
5009,榮剛材料科技股份有限公司,榮剛,tpex
5011,久陽精密股份有限公司,久陽,tpex
5013,強新工業股份有限公司,強新,tpex
5014,建錩實業股份有限公司,建錩,tpex
5015,華祺工業股份有限公司,華祺,tpex
5016,松和工業股份有限公司,松和,tpex
5201,凱衛資訊股份有限公司,凱衛,tpex
5202,力新國際科技股份有限公司,力新,tpex
5205,中茂能資系統整合科技(股)公司,中茂,tpex
5206,坤悅開發股份有限公司,坤悅,tpex
5209,新鼎系統股份有限公司,新鼎,tpex
5210,寶碩財務科技股份有限公司,寶碩,tpex
5211,蒙恬科技股份有限公司,蒙恬,tpex
5212,凌網科技股份有限公司,凌網,tpex
5213,亞昕國際開發股份有限公司,亞昕,tpex
5220,萬達光電科技股份有限公司,萬達光電,tpex
5223,安力國際股份有限公司,安力-KY,tpex
5227,蓋曼群島商立凱電能科技(股)公司,立凱-KY,tpex
5228,鈺鎧科技股份有限公司,鈺鎧,tpex
5230,雷笛克光學股份有限公司,雷笛克光學,tpex
5245,智晶光電股份有限公司,智晶,tpex
5251,天鉞電子股份有限公司,天鉞電,tpex
5263,智崴資訊科技股份有限公司,智崴,tpex
5272,笙科電子股份有限公司,笙科,tpex
5274,信驊科技股份有限公司,信驊,tpex
5276,達輝股份有限公司,達輝-KY,tpex
5278,尚凡國際創新科技股份有限公司,尚凡*,tpex
5287,數字科技股份有限公司,數字,tpex
5289,宜鼎國際股份有限公司,宜鼎,tpex
5291,邑昇實業股份有限公司,邑昇,tpex
5299,杰力科技股份有限公司,杰力,tpex
5301,寶得利國際股份有限公司,寶得利,tpex
5302,太欣半導體股份有限公司,太欣,tpex
5309,系統電子工業股份有限公司,系統電,tpex
5310,天剛資訊股份有限公司,天剛,tpex
5312,寶島光學科技股份有限公司,寶島科,tpex
5314,世紀民生科技股份有限公司,世紀*,tpex
5315,光聯科技股份有限公司,光聯,tpex
5321,美而快國際股份有限公司,美而快,tpex
5324,士林開發股份有限公司,士開,tpex
5328,華容股份有限公司,華容,tpex
5340,建榮工業材料股份有限公司,建榮,tpex
5344,立衛科技股份有限公司,立衛,tpex
5345,馥鴻建設股份有限公司,馥鴻,tpex
5347,世界先進積體電路股份有限公司,世界,tpex
5348,正能量智能股份有限公司,正能量智能,tpex
5351,鈺創科技股份有限公司,鈺創,tpex
5353,台林電通股份有限公司,台林,tpex
5355,佳總興業股份有限公司,佳總,tpex
5356,協益電子股份有限公司,協益,tpex
5364,力麗觀光開發股份有限公司,力麗店,tpex
5381,光譜電工股份有限公司,光譜,tpex
5386,青雲國際科技股份有限公司,青雲,tpex
5392,能率創新股份有限公司,能率,tpex
5398,慕康生技醫藥股份有限公司,慕康生醫,tpex
5403,中菲電腦股份有限公司,中菲,tpex
5410,國眾電腦股份有限公司,國眾,tpex
5425,台灣半導體股份有限公司,台半,tpex
5426,振發實業股份有限公司,振發,tpex
5432,新門科技股份有限公司,新門,tpex
5438,東友科技股份有限公司,東友,tpex
5439,高技企業股份有限公司,高技,tpex
5443,均豪精密工業股份有限公司,均豪,tpex
5450,南良國際股份有限公司,南良,tpex
5452,佶優科技股份有限公司,佶優,tpex
5455,昇益開發股份有限公司,昇益,tpex
5457,宣德科技股份有限公司,宣德,tpex
5460,同協電子股份有限公司,同協,tpex
5464,霖宏科技股份有限公司,霖宏,tpex
5465,富驊企業股份有限公司,富驊,tpex
5468,凱鈺科技股份有限公司,凱鈺,tpex
5474,聰泰科技開發股份有限公司,聰泰,tpex
5475,德宏工業股份有限公司,德宏,tpex
5478,智冠科技股份有限公司,智冠,tpex
5481,新華泰富股份有限公司,新華,tpex
5483,中美矽晶製品股份有限公司,中美晶,tpex
5487,通泰積體電路股份有限公司,通泰,tpex
5488,松普科技股份有限公司,松普,tpex
5489,彩富電子股份有限公司,彩富,tpex
5490,同亨科技股份有限公司,同亨,tpex
5493,三聯科技股份有限公司,三聯,tpex
5498,凱崴電子股份有限公司,凱崴,tpex
5508,永信建設開發股份有限公司,永信建,tpex
5511,德昌營造股份有限公司,德昌,tpex
5512,力麒建設股份有限公司,力麒,tpex
5514,三豐建設股份有限公司,三豐,tpex
5516,雙喜營造股份有限公司,雙喜,tpex
5520,力泰建設企業股份有限公司,力泰,tpex
5523,豐謙建設股份有限公司,豐謙,tpex
5529,鉅陞國際開發股份有限公司,鉅陞,tpex
5530,龍巖股份有限公司,龍巖,tpex
5536,聖暉工程科技股份有限公司,聖暉*,tpex
5543,桓鼎股份有限公司,桓鼎-KY,tpex
5547,久舜營造股份有限公司,久舜,tpex
5548,安倉營造股份有限公司,安倉,tpex
5601,臺聯貨櫃通運股份有限公司,台聯櫃,tpex
5603,陸海股份有限公司,陸海,tpex
5604,中連誠企業股份有限公司,中連,tpex
5609,中菲行國際物流股份有限公司,中菲行,tpex
5701,劍湖山世界股份有限公司,劍湖山,tpex
5703,亞都麗緻大飯店股份有限公司,亞都麗緻,tpex
5704,知本老爺大酒店股份有限公司,老爺知,tpex
5864,致和證券股份有限公司,致和證,tpex
5878,台名保險經紀人股份有限公司,台名,tpex
5902,德記洋行股份有限公司,德記,tpex
5903,全家便利商店股份有限公司,全家,tpex
5904,寶雅國際股份有限公司,寶雅*,tpex
5905,南仁湖育樂股份有限公司,南仁湖,tpex
6015,宏遠證券股份有限公司,宏遠證,tpex
6016,康和綜合證券股份有限公司,康和證,tpex
6020,大展證券股份有限公司,大展證,tpex
6021,美好證券股份有限公司,美好證,tpex
6023,元大期貨股份有限公司,元大期貨,tpex
6026,福邦證券股份有限公司,福邦證,tpex
6028,公勝保險經紀人股份有限公司,公勝保經,tpex
6101,寬魚國際股份有限公司,寬魚國際,tpex
6103,合邦電子股份有限公司,合邦,tpex
6104,創惟科技股份有限公司,創惟,tpex
6109,亞元科技股份有限公司,亞元,tpex
6111,光聚晶電聯合股份有限公司,光聚晶電,tpex
6113,亞矽科技股份有限公司,亞矽,tpex
6114,久威國際股份有限公司,久威,tpex
6118,建達國際股份有限公司,建達,tpex
6121,新普科技股份有限公司,新普,tpex
6122,擎邦國際科技工程股份有限公司,擎邦,tpex
6123,上奇科技股份有限公司,上奇,tpex
6124,業強科技股份有限公司,業強,tpex
6125,廣運機械工程股份有限公司,廣運,tpex
6126,信音企業股份有限公司,信音,tpex
6127,九豪精密陶瓷股份有限公司,九豪,tpex
6129,普誠科技股份有限公司,普誠,tpex
6130,上亞科技股份有限公司,上亞科技,tpex
6134,萬旭電業股份有限公司,萬旭,tpex
6138,茂達電子股份有限公司,茂達,tpex
6140,訊達電腦股份有限公司,訊達電腦,tpex
6143,振曜科技股份有限公司,振曜,tpex
6144,得利影視股份有限公司,得利影,tpex
6146,耕興股份有限公司,耕興,tpex
6147,頎邦科技股份有限公司,頎邦,tpex
6148,驊宏資通股份有限公司,驊宏資,tpex
6150,撼訊科技股份有限公司,撼訊,tpex
6151,晉倫科技股份有限公司,晉倫,tpex
6154,順發電腦股份有限公司,順發,tpex
6156,松上電子股份有限公司,松上,tpex
6158,禾昌興業股份有限公司,禾昌,tpex
6160,欣技資訊股份有限公司,欣技,tpex
6161,捷波資訊股份有限公司,捷波,tpex
6163,華電聯網股份有限公司,華電網,tpex
6167,久正光電股份有限公司,久正,tpex
6169,昱泉國際股份有限公司,昱泉,tpex
6170,統振股份有限公司,統振,tpex
6171,大城地產股份有限公司,大城地產,tpex
6173,信昌電子陶瓷股份有限公司,信昌電,tpex
6174,安碁科技股份有限公司,安碁,tpex
6175,立敦科技股份有限公司,立敦,tpex
6179,亞通利大能源股份有限公司,亞通,tpex
6180,遊戲橘子數位科技股份有限公司,橘子,tpex
6182,合晶科技股份有限公司,合晶,tpex
6185,幃翔精密股份有限公司,幃翔,tpex
6186,新潤興業股份有限公司,新潤,tpex
6187,萬潤科技股份有限公司,萬潤,tpex
6188,廣明光電股份有限公司,廣明,tpex
6190,萬泰科技股份有限公司,萬泰科,tpex
6194,育富電子股份有限公司,育富,tpex
6195,詩肯股份有限公司,詩肯,tpex
6198,瑞築建設股份有限公司,瑞築,tpex
6199,天品聯合企業股份有限公司,天品,tpex
6203,海韻電子工業股份有限公司,海韻電,tpex
6204,台灣艾華電子工業股份有限公司,艾華,tpex
6207,雷科股份有限公司,雷科,tpex
6208,日揚科技股份有限公司,日揚,tpex
6210,慶生電子股份有限公司,慶生,tpex
6212,理銘開發股份有限公司,理銘,tpex
6217,中國探針股份有限公司,中探針,tpex
6218,豪勉科技股份有限公司,豪勉,tpex
6219,富旺國際開發股份有限公司,富旺,tpex
6220,岳豐科技股份有限公司,岳豐,tpex
6221,晉泰科技股份有限公司,晉泰,tpex
6222,立軒開發建設股份有限公司,立軒,tpex
6223,旺矽科技股份有限公司,旺矽,tpex
6227,茂綸股份有限公司,茂綸,tpex
6228,全譜科技股份有限公司,全譜,tpex
6229,研通科技股份有限公司,研通,tpex
6231,系微股份有限公司,系微,tpex
6233,旺玖科技股份有限公司,旺玖,tpex
6234,高僑自動化科技股份有限公司,高僑,tpex
6236,中湛股份有限公司,中湛,tpex
6237,驊訊電子企業股份有限公司,驊訊,tpex
6240,松崗國際興業股份有限公司,松崗,tpex
6241,鑫永洋科技股份有限公司,鑫永洋,tpex
6242,立康生醫事業股份有限公司,立康,tpex
6244,茂迪股份有限公司,茂迪,tpex
6245,立端科技股份有限公司,立端,tpex
6246,臺龍電子股份有限公司,臺龍,tpex
6248,沛波鋼鐵股份有限公司,沛波,tpex
6259,百徽股份有限公司,百徽,tpex
6261,久元電子股份有限公司,久元,tpex
6263,普萊德科技股份有限公司,普萊德,tpex
6264,富裔實業股份有限公司,富裔,tpex
6265,方土昶股份有限公司,方土昶,tpex
6266,泰詠電子股份有限公司,泰詠,tpex
6270,倍微科技股份有限公司,倍微,tpex
6274,台燿科技股份有限公司,台燿,tpex
6275,元山科技工業股份有限公司,元山,tpex
6276,安鈦克科技股份有限公司,安鈦克,tpex
6279,胡連精密股份有限公司,胡連,tpex
6284,佳邦科技股份有限公司,佳邦,tpex
6290,良維科技股份有限公司,良維,tpex
6291,沛亨半導體股份有限公司,沛亨,tpex
6292,迅德興業股份有限公司,迅德,tpex
6294,智基科技開發股份有限公司,智基,tpex
6411,晶焱科技股份有限公司,晶焱,tpex
6417,韋僑科技股份有限公司,韋僑,tpex
6418,詠昇電子股份有限公司,詠昇,tpex
6419,京晨科技股份有限公司,京晨科,tpex
6423,億而得微電子股份有限公司,億而得,tpex
6425,易發精機股份有限公司,易發,tpex
6432,今展科技股份有限公司,今展科,tpex
6435,大中積體電路股份有限公司,大中,tpex
6441,廣錠科技股份有限公司,廣錠,tpex
6461,益得生物科技股份有限公司,益得,tpex
6462,神盾股份有限公司,神盾,tpex
6465,威潤科技股份有限公司,威潤,tpex
6469,大樹醫藥股份有限公司,大樹,tpex
6470,宇智網通股份有限公司,宇智,tpex
6474,華豫寧股份有限公司,華豫寧,tpex
6482,弘煜科技事業股份有限公司,弘煜科,tpex
6485,點序科技股份有限公司,點序,tpex
6486,互動國際數位股份有限公司,互動,tpex
6488,環球晶圓股份有限公司,環球晶,tpex
6492,生華生物科技股份有限公司,生華科,tpex
6494,九齊科技股份有限公司,九齊,tpex
6496,科懋生物科技股份有限公司,科懋,tpex
6498,久禾光電股份有限公司,久禾光,tpex
6499,益安生醫股份有限公司,益安,tpex
6506,雙邦實業股份有限公司,雙邦,tpex
6508,惠光股份有限公司,惠光,tpex
6509,聚和國際股份有限公司,聚和,tpex
6510,中華精測科技股份有限公司,精測,tpex
6512,啟發電子股份有限公司,啟發電,tpex
6516,勤崴國際科技股份有限公司,勤崴國際,tpex
6517,保勝光學股份有限公司,保勝光學,tpex
6523,達爾膚生醫科技股份有限公司,達爾膚,tpex
6527,明達醫學科技股份有限公司,明達醫,tpex
6530,創威光電股份有限公司,創威,tpex
6532,瑞耘科技股份有限公司,瑞耘,tpex
6535,順天醫藥生技股份有限公司,順藥,tpex
6538,倉和股份有限公司,倉和,tpex
6542,隆中網絡股份有限公司,隆中,tpex
6546,正基科技股份有限公司,正基,tpex
6547,高端疫苗生物製劑股份有限公司,高端疫苗,tpex
6548,長華科技股份有限公司,長科*,tpex
6556,勝品電通股份有限公司,勝品,tpex
6560,欣普羅光電股份有限公司,欣普羅,tpex
6561,是方電訊股份有限公司,是方,tpex
6568,宏觀微電子股份有限公司,宏觀,tpex
6569,醫揚科技股份有限公司,醫揚,tpex
6570,維田科技股份有限公司,維田,tpex
6574,霈方國際股份有限公司,霈方,tpex
6576,逸達生物科技股份有限公司,逸達,tpex
6577,勁豐電子股份有限公司,勁豐,tpex
6578,達邦蛋白生技股份有限公司,達邦蛋白,tpex
6584,南俊國際股份有限公司,南俊國際,tpex
6588,東典光電科技股份有限公司,東典光電,tpex
6590,普鴻資訊股份有限公司,普鴻,tpex
6593,台灣銘板股份有限公司,台灣銘板,tpex
6596,寬宏藝術經紀股份有限公司,寬宏藝術,tpex
6597,立誠光電股份有限公司,立誠,tpex
6603,富強鑫精密工業股份有限公司,富強鑫,tpex
6609,台灣瀧澤科技股份有限公司,瀧澤科,tpex
6612,應用奈米醫材科技股份有限公司,奈米醫材,tpex
6613,朋億股份有限公司,朋億*,tpex
6615,慧智基因股份有限公司,慧智,tpex
6616,特昇國際股份有限公司,特昇-KY,tpex
6617,共信醫藥科技控股股份有限公司,共信-KY,tpex
6620,漢達生技醫藥股份有限公司,漢達,tpex
6624,萬年清環境工程股份有限公司,萬年清,tpex
6629,泰金投資控股股份有限公司,泰金-KY,tpex
6637,醫影股份有限公司,醫影,tpex
6640,均華精密工業股份有限公司,均華,tpex
6642,富致科技股份有限公司,富致,tpex
6643,&#20870;星科技股份有限公司,M31,tpex
6649,台灣生醫材料股份有限公司,台生材,tpex
6651,全宇昕科技股份有限公司,全宇昕,tpex
6654,天正國際精密機械股份有限公司,天正國際,tpex
6661,威健股份有限公司,威健生技,tpex
6662,樂斯科生物科技股份有限公司,樂斯科,tpex
6664,群翊工業股份有限公司,群翊,tpex
6667,信紘科技股份有限公司,信紘科,tpex
6679,鈺太科技股份有限公司,鈺太,tpex
6680,鑫創電子股份有限公司,鑫創電子,tpex
6683,雍智科技股份有限公司,雍智科技,tpex
6684,安格科技股份有限公司,安格,tpex
6690,安碁資訊股份有限公司,安碁資訊,tpex
6692,進金生能源服務股份有限公司,進能服,tpex
6693,廣閎科技股份有限公司,廣閎科,tpex
6697,東捷資訊服務股份有限公司,東捷資訊,tpex
6703,軒郁國際股份有限公司,軒郁,tpex
6708,天擎積體電路股份有限公司,天擎,tpex
6712,長聖國際生技股份有限公司,長聖,tpex
6716,應廣科技股份有限公司,應廣,tpex
6720,久昌科技股份有限公司,久昌,tpex
6721,信實保全股份有限公司,信實,tpex
6725,台灣矽科宏晟科技股份有限公司,矽科宏晟,tpex
6727,亞泰金屬工業股份有限公司,亞泰金屬,tpex
6728,上洋產業股份有限公司,上洋,tpex
6730,常廣股份有限公司,常廣,tpex
6732,昇佳電子股份有限公司,昇佳電子,tpex
6733,博晟生醫股份有限公司,博晟生醫,tpex
6735,美達科技股份有限公司,美達科技,tpex
6739,竹陞科技股份有限公司,竹陞科技,tpex
6741,"91APP, Inc.",91APP*-KY,tpex
6751,智聯服務股份有限公司,智聯服務,tpex
6752,叡揚資訊股份有限公司,叡揚,tpex
6761,穩得實業股份有限公司,穩得,tpex
6762,達亞國際股份有限公司,達亞,tpex
6763,綠界科技股份有限公司,綠界科技*,tpex
6767,台灣微創醫療器材股份有限公司,台微醫,tpex
6785,昱展新藥生技股份有限公司,昱展新藥,tpex
6788,華景電通股份有限公司,華景電,tpex
6791,虎門科技股份有限公司,虎門科技,tpex
6803,崑鼎綠能環保股份有限公司,崑鼎,tpex
6804,明係事業股份有限公司,明係,tpex
6811,宏碁資訊服務股份有限公司,宏碁資訊,tpex
6821,聯寶電子股份有限公司,聯寶,tpex
6823,濾能股份有限公司,濾能,tpex
6829,千附精密股份有限公司,千附精密,tpex
6840,東研信超股份有限公司,東研信超,tpex
6841,長佳智能股份有限公司,長佳智能,tpex
6843,進典工業股份有限公司,進典,tpex
6844,諾貝兒寶貝股份有限公司,諾貝兒,tpex
6846,綠茵生技股份有限公司,綠茵,tpex
6855,數泓科技股份有限公司,數泓科,tpex
6856,鑫傳國際多媒體科技股份有限公司,鑫傳,tpex
6859,伯特光電股份有限公司,伯特光,tpex
6865,偉康科技股份有限公司,偉康科技,tpex
6870,騰雲科技服務股份有限公司,騰雲,tpex
6872,浩宇生醫股份有限公司,浩宇生醫,tpex
6874,倍力資訊股份有限公司,倍力,tpex
6875,國邑藥品科技股份有限公司,國邑*,tpex
6877,鏵友益科技股份有限公司,鏵友益,tpex
6881,潤德室內裝修設計工程(股)公司,潤德,tpex
6884,海柏特股份有限公司,海柏特,tpex
6894,衛司特科技股份有限公司,衛司特,tpex
6895,宏碩系統股份有限公司,宏碩系統,tpex
6899,創為精密材料股份有限公司,創為精密,tpex
6903,巨漢系統科技股份有限公司,巨漢,tpex
6904,伯鑫工具股份有限公司,伯鑫,tpex
6907,雅特力科技(開曼)股份有限公司,雅特力-KY,tpex
6910,德鴻科技股份有限公司,德鴻,tpex
6913,鴻呈實業股份有限公司,鴻呈,tpex
6922,宸曜科技股份有限公司,宸曜,tpex
6925,意藍資訊股份有限公司,意藍,tpex
6929,佑全藥品股份有限公司,佑全,tpex
6945,圓祥生技股份有限公司,圓祥生技,tpex
6953,家碩科技股份有限公司,家碩,tpex
6961,旅天下聯合國際旅行社(股)公司,旅天下,tpex
6967,汎瑋材料科技股份有限公司,汎瑋材料,tpex
6968,萬達寵物事業股份有限公司,萬達寵物,tpex
6971,惠民實業股份有限公司,惠民實業,tpex
6982,大井泵浦工業股份有限公司,大井泵浦,tpex
6983,華洋精機股份有限公司,華洋精機,tpex
6986,和迅生命科學股份有限公司,和迅,tpex
6996,力領科技股份有限公司,力領科技,tpex
6997,博弘雲端科技股份有限公司,博弘,tpex
7402,邑錡股份有限公司,邑錡,tpex
7547,碩網資訊股份有限公司,碩網,tpex
7556,意德士科技股份有限公司,意德士科技,tpex
7584,樂意傳播股份有限公司,樂意,tpex
7642,昶瑞機電股份有限公司,昶瑞機電,tpex
7703,銳澤實業股份有限公司,銳澤,tpex
7704,明遠精密科技股份有限公司,明遠精密,tpex
7708,全家國際餐飲股份有限公司,全家餐飲,tpex
7709,榮田精機股份有限公司,榮田,tpex
7712,博盛半導體股份有限公司,博盛半導體,tpex
7713,威力德生醫股份有限公司,威力德生醫,tpex
7714,創泓科技股份有限公司,創泓科技,tpex
7715,裕山環境工程股份有限公司,裕山,tpex
7716,昱臺國際股份有限公司,昱臺國際,tpex
7717,英屬開曼群島商萊德光電(股)公司,萊德光電-KY,tpex
7718,友鋮股份有限公司,友鋮,tpex
7723,築間餐飲事業股份有限公司,築間,tpex
7728,光焱科技股份有限公司,光焱科技,tpex
7734,印能科技股份有限公司,印能科技,tpex
7738,東聯互動股份有限公司,東聯互動,tpex
7743,金利食安科技股份有限公司,金利食安,tpex
7744,崴寶精密科技股份有限公司,崴寶,tpex
7747,昕奇雲端科技股份有限公司,昕奇雲端,tpex
7751,竑騰科技股份有限公司,竑騰,tpex
7753,星亞視覺股份有限公司,星亞,tpex
7757,金色三麥餐飲股份有限公司,金色三麥,tpex
7767,仁大資訊股份有限公司,仁大資訊,tpex
7770,君曜科技股份有限公司,君曜,tpex
7772,耀穎光電股份有限公司,耀穎,tpex
7777,能率亞洲資本股份有限公司,能率亞洲,tpex
7782,光速火箭股份有限公司,光速火箭,tpex
7792,安葆國際實業股份有限公司,安葆,tpex
7794,宏碁智新股份有限公司,宏碁智新,tpex
7805,威聯通科技股份有限公司,威聯通,tpex
7810,捷創科技股份有限公司,捷創科技,tpex
7811,民盛應用企業股份有限公司,民盛,tpex
7814,海昌生化科技股份有限公司,海昌生技,tpex
7819,精誠金融科技股份有限公司,精誠金融,tpex
7820,立盈環保科技股份有限公司,立盈,tpex
7825,和亞智慧科技股份有限公司,和亞智慧,tpex
7828,創新服務股份有限公司,創新服務,tpex
7839,達人網科技股份有限公司,達人網,tpex
7842,天能綠電股份有限公司,天能綠電,tpex
7856,漢民測試系統股份有限公司,漢測,tpex
8024,佑華微電子股份有限公司,佑華,tpex
8027,鈦昇科技股份有限公司,鈦昇,tpex
8032,光菱電子股份有限公司,光菱,tpex
8034,榮群電訊股份有限公司,榮群,tpex
8038,長園科技實業股份有限公司,長園科,tpex
8040,九暘電子股份有限公司,九暘,tpex
8042,臺灣金山電子工業股份有限公司,金山電,tpex
8043,蜜望實企業股份有限公司,蜜望實,tpex
8044,網路家庭國際資訊股份有限公司,網家,tpex
8047,星雲電腦股份有限公司,星雲,tpex
8048,德勝科技股份有限公司,德勝,tpex
8049,晶采光電科技股份有限公司,晶采,tpex
8050,廣積科技股份有限公司,廣積,tpex
8054,安國國際科技股份有限公司,安國,tpex
8059,凱碩科技股份有限公司,凱碩,tpex
8064,東捷科技股份有限公司,東捷,tpex
8066,來思達國際企業股份有限公司,來思達,tpex
8067,志旭國際股份有限公司,志旭,tpex
8068,全達國際股份有限公司,全達,tpex
8069,元太科技工業股份有限公司,元太,tpex
8071,能率網通股份有限公司,能率網通,tpex
8074,鉅橡企業股份有限公司,鉅橡,tpex
8076,伍豐科技股份有限公司,伍豐,tpex
8077,洛碁實業股份有限公司,洛碁,tpex
8080,泰霖事業股份有限公司,泰霖,tpex
8083,瑞穎股份有限公司,瑞穎,tpex
8084,巨虹電子股份有限公司,巨虹,tpex
8085,福華電子股份有限公司,福華,tpex
8086,宏捷科技股份有限公司,宏捷科,tpex
8087,麗升能源科技股份有限公司,麗升能源,tpex
8088,品安科技股份有限公司,品安,tpex
8089,康全電訊股份有限公司,康全電訊,tpex
8091,翔名科技股份有限公司,翔名,tpex
8092,建暐精密科技股份有限公司,建暐,tpex
8093,保銳科技股份有限公司,保銳,tpex
8096,擎亞電子股份有限公司,擎亞,tpex
8097,常珵科技股份有限公司,常珵,tpex
8099,大同世界科技股份有限公司,大世科,tpex
8102,傑霖科技股份有限公司,傑霖科技,tpex
8107,大億金茂股份有限公司,大億金茂,tpex
8109,博大科技股份有限公司,博大,tpex
8111,立碁電子工業股份有限公司,立碁,tpex
8121,越峰電子材料股份有限公司,越峰,tpex
8147,正淩精密工業股份有限公司,正淩,tpex
8155,博智電子股份有限公司,博智,tpex
8171,天宇工業股份有限公司,天宇,tpex
8176,智捷科技股份有限公司,智捷,tpex
8182,加高電子股份有限公司,加高,tpex
8227,巨有科技股份有限公司,巨有科技,tpex
8234,新漢股份有限公司,新漢,tpex
8240,華宏新技股份有限公司,華宏,tpex
8255,朋程科技股份有限公司,朋程,tpex
8272,全景軟體股份有限公司,全景軟體,tpex
8277,商丞科技股份有限公司,商丞,tpex
8279,生展生物科技股份有限公司,生展,tpex
8284,三竹資訊股份有限公司,三竹,tpex
8289,泰藝電子股份有限公司,泰藝,tpex
8291,尚茂電子材料股份有限公司,尚茂,tpex
8299,群聯電子股份有限公司,群聯,tpex
8342,益張實業股份有限公司,益張,tpex
8349,恒耀國際股份有限公司,恒耀國際,tpex
8354,冠好科技股份有限公司,冠好,tpex
8358,金居開發股份有限公司,金居,tpex
8383,千附實業股份有限公司,千附,tpex
8390,金益鼎企業股份有限公司,金益鼎,tpex
8401,白紗科技印刷股份有限公司,白紗科,tpex
8403,盛弘醫藥股份有限公司,盛弘,tpex
8409,商之器科技股份有限公司,商之器,tpex
8410,森田印刷廠股份有限公司,森田,tpex
8415,大成國際鋼鐵股份有限公司,大國鋼,tpex
8416,實威國際股份有限公司,實威,tpex
8421,旭源包裝科技股份有限公司,旭源,tpex
8423,保綠資源股份有限公司,保綠-KY,tpex
8424,惠普股份有限公司,惠普,tpex
8426,紅木集團有限公司,紅木-KY,tpex
8431,匯鑽科技股份有限公司,匯鑽科,tpex
8432,東生華製藥股份有限公司,東生華,tpex
8433,弘帆股份有限公司,弘帆,tpex
8435,台灣鉅邁股份有限公司,鉅邁,tpex
8436,大江生醫股份有限公司,大江,tpex
8437,大地幼教股份有限公司,大地-KY,tpex
8440,綠電再生股份有限公司,綠電,tpex
8444,綠河股份有限公司,綠河-KY,tpex
8446,華研國際音樂股份有限公司,華研,tpex
8450,霹靂國際多媒體股份有限公司,霹靂,tpex
8455,蓋曼群島商日本大拓股份有限公司,大拓-KY,tpex
8472,納維康生技股份有限公司,納維康,tpex
8477,創業家數位股份有限公司,創業家,tpex
8489,三貝德數位文創股份有限公司,三貝德,tpex
8905,裕國冷凍冷藏股份有限公司,裕國,tpex
8906,花王企業股份有限公司,花王,tpex
8908,欣雄天然氣股份有限公司,欣雄,tpex
8916,光隆實業股份有限公司,光隆,tpex
8917,欣泰石油氣股份有限公司,欣泰,tpex
8921,沈氏藝術印刷股份有限公司,沈氏,tpex
8923,時報文化出版企業股份有限公司,時報,tpex
8924,大田精密工業股份有限公司,大田,tpex
8927,北基國際股份有限公司,北基,tpex
8928,鉅明股份有限公司,鉅明,tpex
8929,富堡工業股份有限公司,富堡,tpex
8930,青鋼應用材料股份有限公司,青鋼,tpex
8931,大園汽電共生股份有限公司,大汽電,tpex
8932,智通科創股份有限公司,智通*,tpex
8933,愛地雅工業股份有限公司,愛地雅,tpex
8935,邦泰複合材料股份有限公司,邦泰,tpex
8936,國統國際股份有限公司,國統,tpex
8937,合騏工業股份有限公司,合騏*,tpex
8938,明安國際企業股份有限公司,明安,tpex
8941,關中股份有限公司,關中,tpex
8942,森鉅科技材料股份有限公司,森鉅,tpex
9949,琉園股份有限公司,琉園,tpex
9950,萬國通路股份有限公司,萬國通,tpex
9951,皇田工業股份有限公司,皇田,tpex
9960,邁達康網路事業股份有限公司,邁達康,tpex
9962,有益鋼鐵股份有限公司,有益,tpex
